Rk,Player,Pos,Age,PER,BPM,VORP,WS,PTS,AST,TRB,MP,WLp,SRS,Trade Value,Predicted Trade Value (DecisionTree),Predicted Trade Value (RandomForest),Predicted Trade Value (GradientBoosting)
290,Nikola Jokić,C,26,32.8,13.7,9.8,15.2,0.885620915,0.731481481,0.93877551,0.86860884,0.646,3.04,4.683801975,4.549352282,4.317383797,4.366831832
12,Giannis Antetokounmpo,PF,27,32.1,11.2,7.4,12.9,0.977124183,0.537037037,0.789115646,0.774179022,0.707,3.61,3.808661211,3.679717468,3.738422211,3.622984195
162,Joel Embiid,C,27,31.2,9.2,6.5,12,1,0.388888889,0.795918367,0.806706388,0.659,4.37,3.410939786,3.224506899,3.165986895,3.066120864
141,Luka Dončić,PG,22,25.1,8.2,5.9,7.6,0.928104575,0.805555556,0.619047619,0.808646252,0.463,-0.14,2.815609406,3.080799695,3.010407288,2.97209678
602,Trae Young,PG,23,25.4,5.2,4.8,10,0.928104575,0.898148148,0.25170068,0.930060967,0.5,0.32,2.95433627,2.590249834,2.526277095,2.646502796
526,Jayson Tatum,SF,23,21.8,5,4.8,9.6,0.879084967,0.407407407,0.544217687,0.957773313,0.695,6.38,2.520851612,2.139316805,2.38278298,2.447825009
274,LeBron James,C,37,26.2,7.7,5.1,7.5,0.990196078,0.574074074,0.557823129,0.734100042,0.524,0.43,2.202633577,2.339726417,2.370074722,2.43980648
154,Kevin Durant,PF,33,25.6,7.2,4.8,8.4,0.977124183,0.592592593,0.503401361,0.721283082,0.549,1.03,2.349493782,2.328463135,2.332506395,2.41322452
546,Karl-Anthony Towns,C,26,24.1,5,4.4,10.3,0.803921569,0.333333333,0.666666667,0.86860884,0.512,-0.22,2.441231459,1.97664566,2.245119814,2.26022677
126,Stephen Curry,PG,33,21.4,5.8,4.4,8,0.833333333,0.583333333,0.353741497,0.777158099,0.537,1.66,1.98882996,1.834696005,2.156368167,2.075358561
400,Dejounte Murray,PG,25,22.3,5.4,4.4,7.3,0.689542484,0.851851852,0.56462585,0.83095469,0.268,-9.82,2.210882952,2.217324971,2.121594402,2.299179298
87,Jimmy Butler,SF,32,23.6,6.3,4,9.2,0.699346405,0.509259259,0.401360544,0.679957046,0.537,-0.13,2.048669424,2.158606824,1.948192196,1.886772321
390,Ja Morant,PG,22,24.4,6.1,3.9,6.7,0.895424837,0.62037037,0.387755102,0.665130941,0.622,3.6,2.124812318,1.935167897,1.91950145,1.943114402
59,Devin Booker,SG,25,21.3,4.1,3.6,7.6,0.875816993,0.444444444,0.340136054,0.823576278,0.549,2.08,1.929258591,2.094843134,1.905292002,1.8704925
501,Pascal Siakam,PF,27,20.3,3.5,3.6,8.1,0.745098039,0.490740741,0.578231293,0.90546626,0.5,1.59,1.907557869,1.879269217,1.867492608,1.827807918
383,Donovan Mitchell,SG,25,21.6,4.3,3.6,7.2,0.846405229,0.490740741,0.285714286,0.795967854,0.451,-1.03,1.878379023,2.094843134,1.857366194,1.780605927
134,DeMar DeRozan,PF,32,23.1,2.5,3.1,8.8,0.911764706,0.453703704,0.353741497,0.961999446,0.488,1.37,1.939528864,1.417350953,1.815478986,1.948673242
195,Rudy Gobert,C,29,24.7,4.6,3.6,11.7,0.509803922,0.101851852,1,0.744803935,0.451,-1.03,2.129653326,1.604263984,1.766148228,1.934166759
25,LaMelo Ball,PG,20,19.7,3.4,3.3,5.8,0.656862745,0.703703704,0.455782313,0.849487322,0.329,-5.89,1.72939007,1.411801477,1.678841118,1.799983543
554,Fred VanVleet,PG,27,17.3,3.6,3.5,6.7,0.663398693,0.62037037,0.299319728,0.865283359,0.5,1.59,1.59600003,1.635028737,1.66726624,1.658371664
438,Chris Paul,PG,36,20.8,5.4,4,9.4,0.480392157,1,0.299319728,0.751662741,0.549,2.08,2.036510605,1.381265722,1.657656978,1.879130194
184,Darius Garland,PG,22,19,2.6,2.8,6.3,0.709150327,0.796296296,0.224489796,0.853436331,0.622,5.23,1.702891572,2.021633559,1.599138831,1.689582472
589,Robert Williams,C,24,22.1,5.5,3.4,9.9,0.326797386,0.185185185,0.653061224,0.634474158,0.695,6.38,1.786735238,2.136646371,1.592597283,1.635224722
245,Jrue Holiday,PG,31,19.8,3.2,2.9,6.9,0.598039216,0.62962963,0.306122449,0.775599279,0.707,3.61,1.427133903,1.361255778,1.433049729,1.483869491
250,Al Horford,C,35,16.7,4.3,3.2,7.6,0.333333333,0.314814815,0.523809524,0.703928225,0.695,6.38,1.065803196,1.421443469,1.391409498,1.358400042
324,Zach LaVine,SG,26,20,2.4,2.6,5.8,0.797385621,0.416666667,0.31292517,0.817756686,0.488,1.37,1.35340091,1.875860298,1.381133167,1.36046128
67,Miles Bridges,PF,23,17.9,1.5,2.5,7.2,0.660130719,0.351851852,0.476190476,0.99435361,0.329,-5.89,1.496230064,1.528155065,1.3808876,1.341650699
8,Jarrett Allen,C,23,23,3.9,2.7,8.5,0.526143791,0.148148148,0.734693878,0.637487876,0.622,5.23,1.602553856,1.301374276,1.374765816,1.409184467
3,Bam Adebayo,C,24,21.8,3.8,2.7,7.2,0.624183007,0.314814815,0.68707483,0.642787862,0.537,-0.13,1.513454173,1.509031867,1.280951609,1.309241901
192,Shai Gilgeous-Alexander,PG,23,20.9,3.4,2.7,4.6,0.800653595,0.546296296,0.340136054,0.684044617,0.488,0.96,1.355095052,1.003551548,1.267854835,1.323277075
66,Mikal Bridges,SF,25,14.4,1.6,2.6,8.9,0.464052288,0.212962963,0.285714286,1,0.549,2.08,1.387534092,1.318965345,1.249744734,1.268658977
551,Jonas Valančiūnas,C,29,21.2,1.9,2.2,7.3,0.581699346,0.240740741,0.775510204,0.785748926,0.512,1.63,1.253601025,1.352834934,1.20944074,1.189472645
93,Clint Capela,C,27,21.4,2,2.1,8.3,0.362745098,0.111111111,0.80952381,0.716225578,0.5,0.32,1.201597578,1.419120953,1.17601126,1.121822391
484,Terry Rozier,SG,27,17.6,1.7,2.3,5.9,0.630718954,0.416666667,0.292517007,0.862442843,0.329,-5.89,1.127158963,1.106605752,1.171830024,1.159915638
76,Jaylen Brown,SF,25,18.9,2.1,2.2,5.8,0.77124183,0.324074074,0.414965986,0.779963974,0.695,6.38,1.212996481,1.1262047,1.128273095,1.121258189
339,Kevin Love,C,33,19.6,4.5,2.7,5.7,0.444444444,0.203703704,0.489795918,0.583864487,0.622,5.23,0.817655981,1.084680892,1.080296158,1.11983147
377,Khris Middleton,SF,30,18.1,1.6,1.9,5.3,0.656862745,0.5,0.367346939,0.752182347,0.707,3.61,0.952473217,1.18419822,1.06479291,0.983464653
557,Nikola Vučević,C,31,18.2,0.9,1.8,4.5,0.575163399,0.296296296,0.74829932,0.848378828,0.488,1.37,0.69060481,0.73838014,1.06449256,1.08653526
113,Mike Conley,PG,34,17.2,3.1,2.7,6.7,0.447712418,0.490740741,0.204081633,0.722114452,0.451,-1.03,1.015091646,1.279239019,1.063573037,1.082382594
28,Desmond Bane,SG,23,17.6,2.7,2.7,7.2,0.594771242,0.25,0.299319728,0.794582236,0.622,3.6,1.35071253,0.900714872,1.051456052,1.206809538
156,Anthony Edwards,SG,20,16.5,1.2,2,4.3,0.696078431,0.351851852,0.326530612,0.86542192,0.512,-0.22,0.9976111,1.099790562,1.041711251,1.029547735
22,Deandre Ayton,C,23,21.9,2.8,2.1,7.3,0.562091503,0.12962963,0.693877551,0.602916724,0.549,2.08,1.278121934,1.192860215,1.028258889,1.060918289
80,Jalen Brunson,SG,25,17.1,0.9,1.9,7.5,0.532679739,0.444444444,0.265306122,0.884682001,0.463,-0.14,1.272572449,0.842658848,1.017724924,0.956764355
340,Kyle Lowry,PG,35,15,2,2.1,6.4,0.437908497,0.694444444,0.306122449,0.749930719,0.537,-0.13,0.909892723,0.87623389,0.996525033,0.941292705
358,Tyrese Maxey,PG,21,16.2,0.6,1.8,7.3,0.571895425,0.398148148,0.217687075,0.92950672,0.659,4.37,1.308527915,0.973083238,0.981452752,0.973076965
478,Mitchell Robinson,C,23,20.7,2.2,2,8.5,0.277777778,0.046296296,0.585034014,0.648364972,0.573,2.99,1.160393369,0.786643379,0.953326744,1.055037486
32,Scottie Barnes,PF,20,16.3,0.9,1.9,6.6,0.5,0.324074074,0.510204082,0.918110018,0.5,1.59,1.199488116,0.517636034,0.953060292,0.996611589
218,James Harden,PG,32,21.1,3.95,1.85,3.85,0.710784314,0.958333333,0.513605442,0.431221422,0.604,2.7,1.039968129,0.97393966,0.951729006,0.865858913
595,Christian Wood,C,26,19.1,1.6,1.9,4.9,0.58496732,0.212962963,0.68707483,0.735347097,0.268,-7.62,0.836649166,0.6633592,0.941355924,0.92247453
265,Brandon Ingram,SF,24,18.7,2,1.9,3.9,0.741830065,0.518518519,0.394557823,0.658514618,0.512,1.63,0.961017614,0.953441705,0.905774603,0.961439956
127,Anthony Davis,C,28,23.9,3.8,2,4.5,0.758169935,0.287037037,0.673469388,0.497817653,0.524,0.43,1.002678671,0.635193786,0.870439566,0.942823928
447,Jakob Poeltl,C,26,20.8,1.6,1.7,6.9,0.441176471,0.259259259,0.632653061,0.691769433,0.268,-9.82,1.052887397,0.967306013,0.857825559,0.937224565
106,Brandon Clarke,PF,25,23.7,4.2,2,6.3,0.339869281,0.12037037,0.360544218,0.437681862,0.622,3.6,0.920459391,0.794046657,0.853573218,0.84988642
450,Jordan Poole,SG,22,16.1,1,1.7,6,0.604575163,0.37037037,0.231292517,0.800540391,0.537,1.66,1.048322601,1.098137656,0.850643902,0.852176591
467,Julius Randle,PF,27,15.7,0.5,1.6,3.1,0.656862745,0.472222222,0.673469388,0.892787862,0.573,2.99,0.651260845,0.44800634,0.807545651,0.796352194
2,Steven Adams,C,28,17.6,2,2,6.8,0.225490196,0.314814815,0.680272109,0.700879867,0.622,3.6,0.861791343,0.703908847,0.789400253,0.774841688
214,Tyrese Haliburton,SG,21,17,2.6,2,4,0.467320261,0.685185185,0.265306122,0.619890536,0.585,2.3,0.933763104,0.87623389,0.782602394,0.840096213
384,Evan Mobley,PF,20,16.1,0.6,1.5,5.2,0.490196078,0.231481481,0.56462585,0.818484135,0.622,5.23,0.835949658,0.700843279,0.782307689,0.73269321
227,Isaiah Hartenstein,C,23,22,4.5,2,5.5,0.27124183,0.222222222,0.333333333,0.426735486,0.537,0.31,0.832050635,0.640118306,0.771949925,0.676979155
224,Tobias Harris,PF,29,15.9,0,1.3,5.6,0.562091503,0.324074074,0.462585034,0.892268256,0.659,4.37,0.735590937,0.545159997,0.727615222,0.76583879
488,Domantas Sabonis,PF,25,21.6,3.45,1.6,3.55,0.617647059,0.5,0.829931973,0.381096716,0.506,-0.305,0.820948101,0.672246955,0.720402403,0.551702547
486,D'Angelo Russell,PG,25,16.3,0.8,1.4,4.4,0.591503268,0.657407407,0.224489796,0.729873909,0.512,-0.22,0.834359851,0.579347309,0.719542832,0.782240256
236,Tyler Herro,SG,22,16.2,0.7,1.5,3.8,0.676470588,0.37037037,0.340136054,0.755715671,0.537,-0.13,0.73934293,0.619288521,0.716853953,0.675387283
96,Wendell Carter Jr.,PF,22,18.4,1.6,1.7,5,0.490196078,0.259259259,0.714285714,0.651205487,0.415,-2.39,0.841082338,0.545451895,0.701631997,0.832115469
189,Paul George,PF,31,18.6,3.7,1.6,1.3,0.794117647,0.527777778,0.469387755,0.384404877,0.537,0.31,0.370296792,0.940603692,0.687581188,0.482286151
85,Alec Burks,SG,30,13.7,0.8,1.7,6.1,0.382352941,0.277777778,0.333333333,0.812179576,0.573,2.99,0.612896822,0.690301856,0.678685724,0.753605481
509,Marcus Smart,PG,27,13.6,0.5,1.5,5.6,0.395424837,0.546296296,0.258503401,0.805840377,0.695,6.38,0.732343529,0.815671495,0.663106996,0.744080189
31,Harrison Barnes,PF,29,15.7,0.2,1.4,6,0.535947712,0.222222222,0.380952381,0.90463489,0.585,2.3,0.727437599,0.664055101,0.652212404,0.734772642
605,Ivica Zubac,C,24,19.2,0.7,1.3,7.2,0.336601307,0.148148148,0.578231293,0.649300263,0.537,0.31,0.862698197,0.495078204,0.64236284,0.666912515
47,Saddiq Bey,SF,22,14,-0.3,1.2,4,0.526143791,0.259259259,0.367346939,0.947415824,0.207,-7.73,0.561623287,0.664055101,0.624202997,0.729059396
457,Dwight Powell,C,30,18.1,0.9,1.3,8.2,0.284313725,0.111111111,0.333333333,0.629728419,0.463,-0.14,0.74304437,0.650779148,0.619491987,0.567278933
168,Dorian Finney-Smith,PF,28,12.5,0.8,1.9,6.6,0.359477124,0.175925926,0.319727891,0.926666205,0.463,-0.14,0.701759381,0.60853074,0.61902446,0.716835053
281,Cameron Johnson,PF,25,15.2,2.7,2.1,5.6,0.408496732,0.138888889,0.278911565,0.607662464,0.549,2.08,0.668788807,0.270994661,0.606022901,0.60590671
181,Daniel Gafford,C,23,21.8,1.6,1.3,6,0.307189542,0.083333333,0.387755102,0.506477761,0.427,-1.06,0.680082244,0.458949579,0.597870096,0.573444056
547,Gary Trent Jr.,SG,23,14.7,0.2,1.3,5.6,0.598039216,0.185185185,0.183673469,0.859429126,0.5,1.59,0.757315952,0.573311756,0.590927761,0.653508436
395,Monte Morris,PG,26,14.7,0,1.1,5.4,0.411764706,0.407407407,0.204081633,0.78526396,0.646,3.04,0.603355019,0.545871527,0.584554952,0.517891511
582,Andrew Wiggins,SF,26,15,0.4,1.4,5.1,0.562091503,0.203703704,0.306122449,0.817479562,0.537,1.66,0.622297387,0.507218777,0.580852516,0.65189632
266,Kyrie Irving,PG,29,21.4,3,1.4,3.3,0.895424837,0.537037037,0.299319728,0.39025911,0.549,1.03,0.779832961,0.940603692,0.580475209,0.565540069
27,Mo Bamba,C,23,16.5,0.7,1.2,4.5,0.346405229,0.111111111,0.551020408,0.640051268,0.415,-2.39,0.397231167,0.525835176,0.560017245,0.478121945
454,Bobby Portis,C,26,17.7,0.2,1.1,5.5,0.477124183,0.111111111,0.619047619,0.711583761,0.707,3.61,0.586400186,0.36612992,0.550827528,0.555091081
175,De'Aaron Fox,PG,24,17.4,-0.6,0.7,2.5,0.758169935,0.518518519,0.265306122,0.733441873,0.585,2.3,0.507603719,0.620399139,0.540005308,0.539412276
110,John Collins,PF,24,18.7,1.5,1.5,5.1,0.529411765,0.166666667,0.530612245,0.586046834,0.5,0.32,0.706045926,0.24394491,0.530386593,0.623201426
441,Gary Payton II,SG,29,17.8,3.7,1.8,5.2,0.232026144,0.083333333,0.238095238,0.437716503,0.537,1.66,0.360137772,0.247037508,0.526410704,0.42912112
46,Patrick Beverley,PG,33,14.8,2.7,1.7,4.1,0.300653595,0.425925926,0.278911565,0.519398642,0.512,-0.22,0.257195294,0.554056182,0.519867145,0.393191325
198,Aaron Gordon,PF,26,15.3,-0.6,0.9,5.2,0.490196078,0.231481481,0.401360544,0.83334488,0.646,3.04,0.5326503,0.684863556,0.517417245,0.524782654
270,Jaren Jackson Jr.,PF,22,17,-0.1,1,5.4,0.532679739,0.101851852,0.394557823,0.74521962,0.622,3.6,0.649058367,0.347532136,0.516991498,0.598591323
286,Keldon Johnson,SF,22,15.2,-0.5,0.9,4.9,0.555555556,0.194444444,0.414965986,0.83895663,0.268,-9.82,0.614998177,0.773699615,0.510543215,0.521158624
319,Kyle Kuzma,PF,26,15.2,-0.2,1,2,0.558823529,0.324074074,0.578231293,0.774352224,0.427,-1.06,0.193774919,0.352587156,0.508291893,0.540776675
204,Draymond Green,PF,31,14.3,3.2,1.8,3.6,0.245098039,0.648148148,0.496598639,0.469689622,0.537,1.66,0.352341406,0.554056182,0.503840132,0.438289658
418,Royce O'Neale,SF,28,10.3,0.8,1.7,5.5,0.241830065,0.231481481,0.326530612,0.843563808,0.451,-1.03,0.384829308,0.60853074,0.49565118,0.4444566
54,Bogdan Bogdanović,SG,29,15.4,1.3,1.5,3.7,0.493464052,0.287037037,0.272108844,0.649612027,0.5,0.32,0.333559105,0.603053142,0.484134347,0.530125527
69,Malcolm Brogdon,PG,29,18,2.3,1.3,2.7,0.624183007,0.546296296,0.346938776,0.42867535,0.427,-2.91,0.420664275,0.541794725,0.465961995,0.439063294
55,Bojan Bogdanović,PF,32,15.7,0,1.1,5.2,0.591503268,0.157407407,0.292517007,0.748198698,0.451,-1.03,0.41193475,0.248419657,0.460595493,0.466963706
415,Jusuf Nurkić,C,27,20,0.3,0.9,3.6,0.490196078,0.259259259,0.755102041,0.556048219,0.402,-3.96,0.372673529,0.66994059,0.446595633,0.42883475
559,Franz Wagner,SF,20,14.7,-0.7,0.8,4,0.496732026,0.268518519,0.306122449,0.851357905,0.415,-2.39,0.503050813,0.442439528,0.445010096,0.467233125
453,Otto Porter Jr.,PF,28,15.9,3.1,1.8,4.9,0.267973856,0.138888889,0.387755102,0.490577802,0.537,1.66,0.363772889,0.429819583,0.443280733,0.39950178
221,Montrezl Harrell,C,28,22.8,3.3,1.2,3.65,0.416666667,0.189814815,0.394557823,0.291377996,0.378,-3.475,0.339874081,0.482815942,0.437756733,0.427888913
579,Hassan Whiteside,C,32,22.9,2.1,1.2,5.8,0.267973856,0.037037037,0.517006803,0.408029652,0.451,-1.03,0.382469856,0.205158604,0.417776354,0.439403083
576,Russell Westbrook,PG,33,15,-1.6,0.2,1.7,0.604575163,0.657407407,0.503401361,0.938859637,0.524,0.43,0.107422995,0.288760293,0.397179095,0.442842878
61,Chris Boucher,SF,29,17.9,0.1,0.9,6,0.307189542,0.027777778,0.421768707,0.592039629,0.5,1.59,0.327998752,0.370267064,0.391601703,0.336110236
553,Jarred Vanderbilt,PF,22,15.3,0.2,1.1,6,0.225490196,0.12037037,0.571428571,0.659345989,0.512,-0.22,0.511778004,0.629733408,0.375479447,0.24248781
34,Will Barton,SG,31,13.4,-0.5,0.9,3.2,0.480392157,0.361111111,0.326530612,0.799189414,0.646,3.04,0.122854694,0.289814427,0.362421036,0.46501028
349,Lauri Markkanen,SF,24,14.7,0.4,1.1,5,0.483660131,0.12037037,0.387755102,0.660523763,0.622,5.23,0.454836455,0.392323175,0.360793778,0.323062764
346,Terance Mann,SF,25,13.4,-0.6,0.8,5.5,0.352941176,0.240740741,0.353741497,0.811833172,0.537,0.31,0.44179699,0.308591628,0.355595937,0.334146187
299,Tyus Jones,PG,25,16.5,1.7,1.4,5.1,0.284313725,0.407407407,0.163265306,0.54323126,0.622,3.6,0.544595132,0.357686576,0.348095397,0.41684741
107,Jordan Clarkson,SG,29,14.9,-0.6,0.7,3.5,0.522875817,0.231481481,0.238095238,0.750346404,0.451,-1.03,0.146325271,0.400150364,0.346718949,0.351485777
374,De'Anthony Melton,SG,23,15.2,1.9,1.6,3.7,0.352941176,0.25,0.306122449,0.581162533,0.622,3.6,0.377146696,0.346470752,0.345989768,0.422265902
335,Kevon Looney,C,25,15.7,0.9,1.3,6.8,0.196078431,0.185185185,0.496598639,0.60658861,0.537,1.66,0.600931124,0.219325229,0.336420194,0.290743028
304,Luke Kennard,SG,25,13.3,0.5,1.2,4.5,0.388888889,0.194444444,0.224489796,0.673548566,0.537,0.31,0.308611004,0.321827645,0.335622081,0.378762633
544,Obi Toppin,PF,23,18.3,2,1.2,3.9,0.294117647,0.101851852,0.25170068,0.431308023,0.573,2.99,0.246495233,0.250066736,0.332407533,0.324343584
214,Tyrese Haliburton,PG,21,20.5,2.8,1.1,3,0.571895425,0.888888889,0.292517007,0.336739643,0.427,-2.91,0.846095692,0.326778968,0.327638826,0.480676233
332,Damian Lillard,PG,31,18.5,1.3,0.9,1.7,0.784313725,0.675925926,0.278911565,0.377719274,0.402,-3.96,0.300089938,0.450100817,0.322943176,0.357709342
11,Kyle Anderson,PF,28,14.4,1.2,1.2,3.5,0.248366013,0.25,0.360544218,0.5208189,0.622,3.6,0.039328171,0.395169118,0.322770262,0.213570757
16,OG Anunoby,SF,24,14.8,0.5,1.1,3.7,0.558823529,0.240740741,0.37414966,0.610364417,0.5,1.59,0.370626338,0.338762672,0.312486997,0.246580007
201,Jerami Grant,PF,27,16.1,1.2,1.2,2.3,0.62745098,0.222222222,0.278911565,0.529963974,0.207,-7.73,0.156859632,0.193330427,0.312236883,0.369319139
26,Lonzo Ball,PG,24,14.5,2.5,1.4,2.2,0.424836601,0.472222222,0.367346939,0.431134821,0.488,1.37,0.235937547,0.351010876,0.312164889,0.360748859
385,Malik Monk,SG,23,14.4,-0.5,0.8,3.6,0.450980392,0.268518519,0.231292517,0.75,0.524,0.43,0.288700786,0.442439528,0.3082515,0.354073088
72,Bruce Brown,SF,25,15,0.7,1.2,4.8,0.294117647,0.194444444,0.326530612,0.622350007,0.549,1.03,0.332964309,0.290234622,0.305591251,0.298343858
41,Bradley Beal,SG,28,17.5,0.8,1,1.4,0.758169935,0.611111111,0.319727891,0.510253568,0.427,-1.06,0.306974253,0.335673148,0.305581844,0.3636034
465,Immanuel Quickley,PG,22,14.6,0.2,1,4.2,0.369281046,0.324074074,0.217687075,0.631529721,0.573,2.99,0.383184935,0.210537816,0.302507968,0.246293228
446,Mason Plumlee,C,31,14.7,0,0.9,4.7,0.212418301,0.287037037,0.523809524,0.628931689,0.329,-5.89,0.124229666,0.365331055,0.297527233,0.152956266
15,Cole Anthony,PG,21,13.5,-1.2,0.4,1.6,0.532679739,0.527777778,0.367346939,0.72353471,0.415,-2.39,0.161023247,0.379170744,0.290398181,0.255080968
362,CJ McCollum,SG,30,18.85,2.35,1.1,1.8,0.732026144,0.476851852,0.299319728,0.382776777,0.457,-1.165,0.269666797,0.347930219,0.289832491,0.330792602
114,Pat Connaughton,SF,29,13.4,1.2,1.4,4.4,0.323529412,0.12037037,0.285714286,0.594083414,0.707,3.61,0.135939254,0.219325229,0.286830989,0.341262815
455,Kristaps Porziņģis,PF,26,24.75,4.35,1.1,2.8,0.674836601,0.226851852,0.56122449,0.265813357,0.445,-0.6,0.542986161,0.347930219,0.286168629,0.400783154
38,Nicolas Batum,PF,33,13.5,2.3,1.6,3.7,0.27124183,0.157407407,0.292517007,0.514687543,0.537,0.31,-0.03876585,0.418041739,0.261516047,0.178462132
294,Herbert Jones,PF,23,12.3,-0.5,0.9,4.6,0.310457516,0.194444444,0.258503401,0.818518775,0.512,1.63,0.288903435,0.264768463,0.245416711,0.246193655
597,Delon Wright,SG,29,13.8,2.2,1.6,3.6,0.14379085,0.222222222,0.197278912,0.50883331,0.5,0.32,-0.005080396,0.464870504,0.22659154,0.196942442
230,Jaxson Hayes,C,21,18.5,0.2,0.8,5.1,0.303921569,0.055555556,0.306122449,0.490508522,0.512,1.63,0.363673329,0.097723721,0.225793256,0.227623067
121,Jae Crowder,PF,31,11.3,1.1,1.5,4.3,0.307189542,0.175925926,0.360544218,0.662359706,0.549,2.08,0.085286094,0.161281181,0.225290868,0.276415563
548,P.J. Tucker,PF,36,11.3,0.6,1.3,5,0.248366013,0.194444444,0.37414966,0.695198836,0.537,-0.13,0.005577547,0.280606418,0.220697202,0.219606487
33,RJ Barrett,SF,21,13.7,-1.6,0.2,2.3,0.653594771,0.277777778,0.394557823,0.848517389,0.573,2.99,0.214569831,0.624650526,0.218954573,0.209033318
174,Evan Fournier,SG,29,12.3,-0.7,0.7,3.7,0.460784314,0.194444444,0.176870748,0.826347513,0.573,2.99,0.068091709,0.101073994,0.209462297,0.350264933
521,Max Strus,SF,25,12.7,0.9,1.2,3.6,0.346405229,0.12962963,0.204081633,0.557122073,0.537,-0.13,0.06167684,0.013914763,0.19707743,0.218540439
569,P.J. Washington,C,23,13.6,-0.1,0.9,3.4,0.336601307,0.212962963,0.353741497,0.621172232,0.329,-5.89,0.118645062,0.321310989,0.186704362,0.148204613
89,Kentavious Caldwell-Pope,SG,28,12.6,-1.5,0.3,2.8,0.431372549,0.175925926,0.231292517,0.81654427,0.427,-1.06,-0.135143371,0.24690141,0.185336663,0.12198242
313,John Konchar,SG,25,14,1.5,1.2,4.2,0.156862745,0.138888889,0.31292517,0.453062214,0.622,3.6,0.056948199,0.312359018,0.174564228,0.142072151
367,JaVale McGee,C,34,22.6,0.8,0.8,4.9,0.300653595,0.055555556,0.455782313,0.410766246,0.549,2.08,0.121853087,0.213488085,0.165109193,0.218817498
200,Devonte' Graham,PG,26,12.1,-1,0.5,2.8,0.388888889,0.388888889,0.156462585,0.758071221,0.512,1.63,0.009286169,0.141264227,0.164119404,0.188874756
432,Kelly Oubre Jr.,SF,26,14.9,-1.4,0.3,3.3,0.490196078,0.101851852,0.272108844,0.700879867,0.329,-5.89,-0.002312247,0.375370749,0.162458283,0.106773226
504,Anfernee Simons,SG,22,15.3,-0.7,0.5,1.9,0.565359477,0.361111111,0.176870748,0.591831786,0.402,-3.96,0.101342916,0.215482781,0.150940549,0.066882323
14,Carmelo Anthony,PF,37,14.8,-0.5,0.7,3.6,0.434640523,0.092592593,0.285714286,0.629416655,0.524,0.43,-0.223809802,-0.293915659,0.147257356,0.146871549
7,Grayson Allen,SG,26,12.7,0.4,1.1,4.2,0.362745098,0.138888889,0.231292517,0.634023833,0.707,3.61,0.143050819,0.063850584,0.143014535,0.199287404
182,Danilo Gallinari,PF,33,14.3,-0.2,0.8,3.6,0.382352941,0.138888889,0.319727891,0.587259249,0.5,0.32,-0.133831879,0.160815692,0.14125398,0.105804442
5,LaMarcus Aldridge,C,36,19.6,0.7,0.7,3.1,0.421568627,0.083333333,0.37414966,0.370756547,0.549,1.03,-0.213939231,0.170393451,0.132420969,0.151904762
550,Myles Turner,C,25,17.4,1.4,1.1,3.1,0.421568627,0.092592593,0.482993197,0.437300818,0.427,-2.91,0.126532028,-0.14848287,0.130834391,0.252065078
599,Moses Wright,PF,23,31.2,24.2,0,0,0,0.092592593,0,0,0.537,0.31,0.368920677,0.103781043,0.129707902,-0.059110385
255,Kevin Huerter,SF,23,11.9,-1.2,0.4,2.8,0.395424837,0.25,0.231292517,0.767493418,0.5,0.32,-0.005722943,0.128659947,0.129459335,0.182320226
124,Cade Cunningham,SG,20,13.1,-1.6,0.2,-0.5,0.568627451,0.518518519,0.37414966,0.733892199,0.207,-7.73,-0.141004198,0.105414862,0.120329005,0.074037209
555,Devin Vassell,SF,21,13.3,-0.5,0.7,3.3,0.401960784,0.175925926,0.292517007,0.679749203,0.268,-9.82,0.145204566,-0.044727816,0.106134243,0.182822228
232,Gordon Hayward,SF,31,15.1,-0.7,0.5,2.8,0.519607843,0.333333333,0.31292517,0.552133851,0.329,-5.89,-0.048415307,0.26982181,0.0908573,0.055809557
351,Caleb Martin,SF,26,14.8,1.1,1.1,4,0.300653595,0.101851852,0.258503401,0.482506582,0.537,-0.13,0.072762302,-0.011302717,0.06906928,0.062756258
42,Malik Beasley,SG,25,11.9,-0.7,0.7,2.9,0.395424837,0.138888889,0.197278912,0.692462242,0.512,-0.22,-0.087657001,-0.115212056,0.059646251,0.166427902
191,Josh Giddey,SF,19,13.3,-0.9,0.5,0.4,0.408496732,0.592592593,0.530612245,0.599106277,0.488,0.96,-0.018709552,0.110356341,0.044368218,0.10647357
422,Onyeka Okongwu,C,21,19.8,0.8,0.7,4.2,0.267973856,0.101851852,0.401360544,0.350110849,0.5,0.32,0.234515539,0.277092445,0.036223373,0.059033486
537,Klay Thompson,SG,31,16.7,1.1,0.7,1.8,0.666666667,0.259259259,0.265306122,0.335457947,0.537,1.66,-0.104305933,-0.125792616,0.033271083,-0.018153526
352,Cody Martin,SF,26,12.7,-0.5,0.7,3.9,0.251633987,0.231481481,0.272108844,0.654808092,0.329,-5.89,0.013819848,0.013148433,0.026656591,0.073086262
525,Jae'Sean Tate,PF,26,14.3,-1.8,0.1,3,0.385620915,0.259259259,0.367346939,0.720659554,0.268,-7.62,-0.055429086,0.201595377,0.024635962,-0.080653732
451,Kevin Porter Jr.,PG,21,13.5,-1.6,0.2,0.8,0.509803922,0.574074074,0.299319728,0.670742691,0.268,-7.62,-0.011543535,0.020073828,0.02030818,0.097259492
476,Duncan Robinson,SG,27,10.6,-0.6,0.7,3.9,0.35620915,0.148148148,0.176870748,0.715983095,0.537,-0.13,-0.036782981,0.111520442,0.013873318,0.113328312
585,Grant Williams,PF,23,11.2,-0.4,0.8,5.1,0.254901961,0.092592593,0.244897959,0.657267563,0.695,6.38,0.154825669,-0.273119776,0.005941997,0.090044466
560,Moritz Wagner,C,24,18.1,1.6,0.9,2.8,0.294117647,0.12962963,0.25170068,0.337120687,0.415,-2.39,-0.018270705,0.166109149,0.00424874,0.075360749
401,Mike Muscala,C,30,19.7,5,1.1,2.1,0.261437908,0.046296296,0.204081633,0.20915893,0.488,0.96,-0.196697737,-0.025436552,0.001738906,-0.016280389
472,Naz Reid,C,22,17.2,0,0.6,3.2,0.27124183,0.083333333,0.265306122,0.425661632,0.512,-0.22,-0.036177174,-0.090143698,-0.000401045,-0.047762173
207,Javonte Green,SF,28,14,0.1,0.8,4.4,0.235294118,0.083333333,0.285714286,0.533601219,0.488,1.37,-0.044116815,-0.004852284,-0.005512048,-0.045095875
137,Hamidou Diallo,SG,23,15.7,-0.5,0.5,2.1,0.359477124,0.12037037,0.326530612,0.446480532,0.207,-7.73,-0.195871343,-0.111551454,-0.011376487,-0.065578658
379,Patty Mills,SG,33,10.4,-1.7,0.2,2.8,0.37254902,0.212962963,0.129251701,0.822017459,0.549,1.03,-0.362869426,0.111623297,-0.041788729,-0.058851209
540,Matisse Thybulle,SG,24,11.2,1.1,1.3,3.7,0.18627451,0.101851852,0.156462585,0.591831786,0.659,4.37,-0.026123249,-0.145557354,-0.042990006,0.133660101
226,Josh Hart,SG,26,17.3,1.25,0.65,2.2,0.544117647,0.388888889,0.448979592,0.320874325,0.457,-1.165,0.10609001,-0.194491119,-0.043993315,-0.080770849
354,Kenyon Martin Jr.,SF,21,14.3,-1.2,0.4,2.9,0.287581699,0.12037037,0.258503401,0.580227241,0.268,-7.62,-0.102682062,-0.198731538,-0.045541392,-0.054150365
420,Chuma Okeke,PF,23,12,-0.1,0.8,2.2,0.281045752,0.157407407,0.340136054,0.613828461,0.415,-2.39,-0.179019688,-0.097663897,-0.052643908,-0.008168333
292,Damian Jones,C,26,18.3,0.3,0.6,3.3,0.264705882,0.111111111,0.299319728,0.357904947,0.585,2.3,-0.095034605,0.084115196,-0.053888812,-0.082130559
578,Derrick White,SG,27,14.3,0.45,0.8,2.55,0.41503268,0.421296296,0.234693878,0.390172509,0.4815,-1.72,-0.018362309,-0.158702709,-0.054601798,0.048884635
51,Nemanja Bjelica,C,33,14.2,1.4,1,3,0.199346405,0.203703704,0.278911565,0.400824442,0.537,1.66,-0.298938675,0.025308631,-0.054908513,-0.05426058
497,Alperen Şengün,C,19,16,-1,0.4,2.1,0.31372549,0.240740741,0.37414966,0.522273798,0.268,-7.62,-0.03937934,0.195747993,-0.055011673,-0.064387214
261,Bones Hyland,SG,21,14.4,-0.4,0.5,2.4,0.330065359,0.259259259,0.183673469,0.459678537,0.646,3.04,-0.080856113,-0.041366299,-0.058867599,-0.110713368
393,Marcus Morris,PF,32,13.7,-1.4,0.3,2.4,0.503267974,0.194444444,0.299319728,0.551129278,0.537,0.31,-0.313279621,0.031113806,-0.06591591,-0.058370295
430,Cedi Osman,SF,26,13.3,0.2,0.8,2.9,0.349673203,0.185185185,0.149659864,0.513440488,0.622,5.23,-0.114369176,0.0749097,-0.066497023,-0.061210422
139,Spencer Dinwiddie,PG,28,16.1,1,0.55,2.05,0.464052288,0.449074074,0.265306122,0.352379798,0.445,-0.6,-0.041046357,-0.179538981,-0.074167227,-0.107925123
439,Cameron Payne,PG,27,13.8,0,0.7,1.9,0.352941176,0.453703704,0.204081633,0.449632811,0.549,2.08,-0.151500756,-0.017826957,-0.08229751,0.107122781
108,Nic Claxton,C,22,18.6,0.5,0.6,3.5,0.284313725,0.083333333,0.380952381,0.343875572,0.549,1.03,0.04846692,0.277092445,-0.085323518,-0.041705477
247,Richaun Holmes,C,28,17.8,-0.5,0.4,3.2,0.339869281,0.101851852,0.476190476,0.379624498,0.585,2.3,-0.157031159,0.310262128,-0.101792251,-0.084830169
40,Darius Bazley,PF,21,12.6,-1.8,0.1,1.8,0.352941176,0.12962963,0.428571429,0.67545379,0.488,0.96,-0.256104354,-0.034048353,-0.102036526,-0.167846401
462,Payton Pritchard,PG,24,15,1.8,1,3.1,0.202614379,0.185185185,0.129251701,0.35094222,0.695,6.38,-0.070304298,-0.198989526,-0.105773648,0.004960852
459,Norman Powell,SG,28,27.1,7.7,0.3,0.7,0.699346405,0.259259259,0.19047619,0.05126784,0.537,0.31,0.191883255,-0.23600483,-0.109084805,0.02357841
459,Norman Powell,SF,28,15.3,-1,0.3,2.1,0.611111111,0.194444444,0.224489796,0.472599418,0.402,-3.96,-0.172798172,-0.237763088,-0.111498065,-0.071539859
52,Eric Bledsoe,PG,32,12.5,-0.8,0.4,1.3,0.323529412,0.388888889,0.231292517,0.479492864,0.537,0.31,-0.504772215,-0.080091173,-0.112040756,-0.126294664
109,Amir Coffey,SG,24,13,-0.3,0.7,3.8,0.294117647,0.166666667,0.197278912,0.549986144,0.537,0.31,-0.000661844,-0.124627694,-0.114249851,-0.014148415
480,Isaiah Roby,PF,23,18.3,0.6,0.6,2.9,0.330065359,0.148148148,0.326530612,0.335007621,0.488,0.96,-0.00899707,0.277092445,-0.116963789,-0.076831975
150,Andre Drummond,C,28,21.55,1.25,0.55,2.55,0.29248366,0.157407407,0.649659864,0.255248025,0.604,2.7,-0.095423964,0.024561515,-0.132951818,-0.181098172
413,Jaylen Nowell,SG,22,16.8,0.8,0.7,2.8,0.277777778,0.194444444,0.136054422,0.342489954,0.512,-0.22,-0.041808725,-0.306884895,-0.154669529,-0.103498427
485,Ricky Rubio,PG,31,14,0.2,0.5,1.3,0.428104575,0.611111111,0.278911565,0.345191908,0.622,5.23,-0.245963723,0.111870052,-0.155807014,-0.11338344
577,Coby White,PG,21,12.6,-2.1,0,2.4,0.41503268,0.268518519,0.204081633,0.589060551,0.488,1.37,-0.137803218,-0.220052785,-0.165907855,-0.210540659
20,Deni Avdija,SF,21,11.6,-1.7,0.1,2.4,0.274509804,0.185185185,0.353741497,0.694956353,0.427,-1.06,-0.209851437,0.010980004,-0.166225009,-0.268338341
235,Willy Hernangómez,C,27,22.2,0.2,0.5,3.2,0.297385621,0.12037037,0.462585034,0.295760011,0.512,1.63,-0.030548982,0.024561515,-0.170501406,-0.131217592
208,Jeff Green,PF,35,12.5,-2.5,-0.2,3.9,0.336601307,0.12037037,0.210884354,0.648364972,0.646,3.04,-0.426275999,-0.109482155,-0.171144039,-0.230131033
253,Dwight Howard,C,36,18.2,-0.2,0.4,3.5,0.202614379,0.055555556,0.401360544,0.341277539,0.524,0.43,-0.431157648,-0.169723021,-0.179216987,-0.28181877
298,Tre Jones,PG,22,15,-0.5,0.4,2.9,0.196078431,0.314814815,0.149659864,0.402729666,0.268,-9.82,-0.116285066,-0.039667309,-0.179928018,-0.218480175
482,Derrick Rose,PG,33,16.9,2.3,0.7,1.4,0.392156863,0.37037037,0.204081633,0.228107247,0.573,2.99,-0.320986816,-0.260400456,-0.181810373,-0.062871514
217,Tim Hardaway Jr.,SG,29,12.7,-0.2,0.6,2,0.464052288,0.203703704,0.25170068,0.440834142,0.463,-0.14,-0.311162731,-0.11936897,-0.182518424,-0.116886612
83,Reggie Bullock,SF,30,9.2,-1.4,0.3,3.2,0.281045752,0.111111111,0.238095238,0.667867535,0.463,-0.14,-0.412548921,-0.133647355,-0.185012569,-0.179812123
125,Seth Curry,SG,31,13.95,-0.15,0.4,2.1,0.488562092,0.305555556,0.204081633,0.380299986,0.604,2.7,-0.293069478,-0.025491716,-0.186006498,-0.173137267
143,Ayo Dosunmu,SG,22,11.2,-2,0,3,0.287581699,0.305555556,0.19047619,0.739711792,0.488,1.37,-0.103674627,-0.287513494,-0.187933836,-0.177982158
9,Jose Alvarado,PG,23,16.4,1.9,0.8,2.1,0.199346405,0.259259259,0.129251701,0.293543023,0.512,1.63,-0.154972298,-0.306884895,-0.189294267,-0.161566612
205,Jalen Green,SG,19,12.5,-2.9,-0.5,0.7,0.565359477,0.240740741,0.231292517,0.750969932,0.268,-7.62,-0.270785787,-0.13862445,-0.19529618,-0.164309896
427,Kelly Olynyk,C,30,16.7,1.6,0.7,1.6,0.297385621,0.259259259,0.299319728,0.270576417,0.207,-7.73,-0.346421087,-0.332702142,-0.196392646,-0.136725283
131,Dewayne Dedmon,C,32,15.9,-1,0.3,3.5,0.205882353,0.064814815,0.394557823,0.373735624,0.537,-0.13,-0.414931283,-0.272971163,-0.208276662,-0.236292207
318,Jonathan Kuminga,SF,19,15.2,-1.5,0.1,3,0.303921569,0.083333333,0.224489796,0.415650547,0.537,1.66,-0.151334477,-0.257154796,-0.213824039,-0.277286314
423,Isaac Okoro,SF,21,10.4,-1.7,0.1,4.2,0.287581699,0.166666667,0.204081633,0.695787723,0.622,5.23,-0.00427834,0.010980004,-0.21822645,-0.300671974
273,Reggie Jackson,SG,31,12.1,-3,-0.6,0.4,0.549019608,0.444444444,0.244897959,0.819661909,0.537,0.31,-0.498939832,-0.263412139,-0.220946523,-0.147746886
562,Kemba Walker,PG,31,13.9,0.4,0.6,1.8,0.379084967,0.324074074,0.204081633,0.33656644,0.573,2.99,-0.368830159,-0.125654147,-0.224807617,-0.188184348
1,Precious Achiuwa,C,22,12.7,-2.6,-0.2,2.5,0.297385621,0.101851852,0.442176871,0.605029791,0.5,1.59,-0.328340637,-0.109482155,-0.224823288,-0.287975919
237,Buddy Hield,SG,29,13.2,-1.2,0.25,0.9,0.532679739,0.310185185,0.30952381,0.443258972,0.506,-0.305,-0.423503235,-0.017826957,-0.237078228,-0.221577296
119,Robert Covington,PF,31,14.7,1.45,0.55,1.6,0.294117647,0.111111111,0.367346939,0.344308577,0.4695,-1.825,-0.496714964,-0.342868388,-0.25640396,-0.328825251
309,Maxi Kleber,PF,30,11,-0.4,0.6,3,0.22875817,0.111111111,0.401360544,0.510115006,0.463,-0.14,-0.402189237,-0.146324976,-0.277716387,-0.261185994
71,Dillon Brooks,SF,26,15.5,-1.8,0,1.6,0.60130719,0.259259259,0.217687075,0.315470417,0.622,3.6,-0.295967138,-0.322485927,-0.279130493,-0.333878262
142,Luguentz Dort,SG,22,12.3,-2.3,-0.1,1.4,0.562091503,0.157407407,0.285714286,0.58736317,0.488,0.96,-0.296831857,-0.144825092,-0.281936085,-0.234912187
586,Kenrich Williams,SF,27,13.3,-0.3,0.5,1.8,0.241830065,0.203703704,0.306122449,0.37823888,0.488,0.96,-0.452232036,-0.290571533,-0.303826662,-0.309250619
199,Eric Gordon,SG,33,12.1,-2.3,-0.1,1.4,0.437908497,0.25,0.136054422,0.587952058,0.268,-7.62,-0.617988145,-0.200988968,-0.313489396,-0.214305296
409,Georges Niang,PF,28,10.7,-1.9,0,2.8,0.300653595,0.12037037,0.183673469,0.608563115,0.659,4.37,-0.450787663,-0.185650524,-0.314820894,-0.316729447
343,Trey Lyles,PF,26,16.35,-0.5,0.3,1.8,0.343137255,0.111111111,0.353741497,0.272828045,0.396,-2.715,-0.410546529,-0.557319473,-0.315971586,-0.2798599
68,Oshae Brissett,SF,23,12.9,-2.2,-0.1,2.2,0.297385621,0.101851852,0.360544218,0.549154773,0.427,-2.91,-0.396722264,-0.249734244,-0.321995509,-0.345869013
376,Chimezie Metu,C,24,13.4,-1.5,0.2,1.5,0.290849673,0.092592593,0.380952381,0.449736733,0.585,2.3,-0.495506056,-0.207884064,-0.322947879,-0.261754445
372,Jordan McLaughlin,PG,25,13.4,0.4,0.6,2.3,0.124183007,0.268518519,0.102040816,0.316786753,0.512,-0.22,-0.37497871,-0.263330576,-0.325210992,-0.302525314
563,Lonnie Walker IV,SG,23,12.3,-2.5,-0.2,1.2,0.395424837,0.203703704,0.176870748,0.56567826,0.268,-9.82,-0.470608368,-0.566747249,-0.332459654,-0.309924548
355,Garrison Mathews,SG,25,11,-2.3,-0.1,2.8,0.326797386,0.092592593,0.197278912,0.601461826,0.268,-7.62,-0.397356458,-0.229656669,-0.334885396,-0.289087898
308,Corey Kispert,SF,22,10.9,-2.3,-0.1,2.3,0.267973856,0.101851852,0.183673469,0.631287238,0.427,-1.06,-0.416228626,-0.35472554,-0.335009269,-0.335819955
222,Gary Harris,SG,27,10.9,-2.4,-0.2,2.2,0.362745098,0.166666667,0.136054422,0.608424553,0.415,-2.39,-0.489100339,-0.367868002,-0.338476555,-0.286829749
404,Larry Nance Jr.,C,29,14.4,0.3,0.5,1.9,0.225490196,0.185185185,0.380952381,0.304558681,0.402,-3.96,-0.480405345,-0.342868388,-0.339982807,-0.358855538
301,Cory Joseph,PG,30,11.4,-2.1,0,2.5,0.261437908,0.333333333,0.183673469,0.562075655,0.207,-7.73,-0.453781156,-0.347330639,-0.34711585,-0.354131629
97,Alex Caruso,SG,27,11.7,0.2,0.6,2,0.241830065,0.37037037,0.244897959,0.406332271,0.488,1.37,-0.330555843,-0.590431141,-0.347959026,-0.249196799
461,Taurean Prince,PF,27,12.4,-0.9,0.3,2.2,0.238562092,0.092592593,0.170068027,0.412948594,0.512,-0.22,-0.534255306,-0.304087333,-0.350915888,-0.349935712
363,T.J. McConnell,PG,29,15.1,0.9,0.5,1.3,0.277777778,0.453703704,0.224489796,0.233511154,0.427,-2.91,-0.381990721,-0.27169495,-0.35296599,-0.313760653
520,Isaiah Stewart,C,20,14,-3.3,-0.6,3.4,0.27124183,0.111111111,0.591836735,0.637245393,0.207,-7.73,-0.172068915,-0.186705673,-0.355805751,-0.349703144
151,Chris Duarte,SG,24,12.3,-2.3,-0.1,0.9,0.428104575,0.194444444,0.278911565,0.542815574,0.427,-2.91,-0.50171616,-0.566747249,-0.356257495,-0.277920562
556,Gabe Vincent,PG,25,10.6,-1.4,0.2,2.5,0.284313725,0.287037037,0.129251701,0.557849522,0.537,-0.13,-0.318348239,-0.318977492,-0.358521482,-0.292954423
329,Caris LeVert,SG,27,14.35,-1.7,0.15,1.1,0.527777778,0.384259259,0.244897959,0.318328253,0.5245,1.16,-0.369411371,-0.235926646,-0.359524092,-0.314743381
303,Frank Kaminsky,C,28,21.3,4.9,0.3,0.9,0.346405229,0.12962963,0.31292517,0.068969101,0.549,2.08,-0.323154887,-0.285481276,-0.363733657,-0.312838076
213,Rui Hachimura,PF,23,14.9,-1.4,0.1,1.4,0.369281046,0.101851852,0.258503401,0.333760565,0.427,-1.06,-0.463505812,-0.317788594,-0.364554314,-0.397933113
468,Austin Reaves,SG,23,11.5,-1.9,0,2.9,0.238562092,0.166666667,0.217687075,0.498545102,0.524,0.43,-0.347770749,-0.428533978,-0.375462805,-0.452031071
243,Jaylen Hoard,SF,22,18,-0.9,0.1,0.6,0.480392157,0.222222222,0.816326531,0.094325897,0.488,0.96,-0.353547117,-0.338976994,-0.380329448,-0.453774597
188,Rudy Gay,PF,35,13,-1,0.3,2.1,0.264705882,0.092592593,0.299319728,0.36542192,0.451,-1.03,-0.726775425,-0.234671032,-0.385313956,-0.358897504
573,Trendon Watford,SF,21,15.8,-1.7,0.1,1.9,0.248366013,0.157407407,0.278911565,0.306602466,0.402,-3.96,-0.384372669,-0.466186239,-0.386111228,-0.424976406
210,Blake Griffin,C,32,13.7,-0.5,0.3,2.1,0.209150327,0.175925926,0.278911565,0.337086047,0.549,1.03,-0.614401573,-0.244921358,-0.389601865,-0.395221335
542,Xavier Tillman Sr.,PF,23,15.1,0.7,0.5,1.8,0.156862745,0.111111111,0.204081633,0.246709159,0.622,3.6,-0.442550656,-0.313904623,-0.389670659,-0.451202251
527,Terry Taylor,PF,22,19,-0.6,0.2,2.4,0.31372549,0.111111111,0.353741497,0.254122211,0.427,-2.91,-0.198116965,-0.373662865,-0.403800949,-0.323193953
474,Josh Richardson,SG,28,13.1,0.05,0.4,1.8,0.344771242,0.175925926,0.193877551,0.284934876,0.4815,-1.72,-0.485781742,-0.244921358,-0.408097692,-0.367741699
499,Landry Shamet,SG,24,10.2,-1.2,0.3,2.6,0.27124183,0.148148148,0.12244898,0.504295414,0.549,2.08,-0.383894133,-0.557585641,-0.410598199,-0.345635425
407,Raul Neto,PG,29,12.4,-2.9,-0.4,1.5,0.245098039,0.287037037,0.129251701,0.481363447,0.427,-1.06,-0.704599968,-0.559948738,-0.427025998,-0.405575132
203,Danny Green,SF,34,9.5,-0.5,0.5,1.9,0.192810458,0.092592593,0.170068027,0.475543855,0.659,4.37,-0.789481635,-0.294794372,-0.430235967,-0.383566759
90,Facundo Campazzo,PG,30,11.1,-0.8,0.4,2,0.166666667,0.314814815,0.12244898,0.415754469,0.646,3.04,-0.575379044,-0.334171379,-0.4304052,-0.379249532
179,Markelle Fultz,PG,23,17.7,0.2,0.2,0.4,0.352941176,0.509259259,0.183673469,0.130940834,0.415,-2.39,-0.325878845,-0.46905643,-0.430415505,-0.39606257
333,Nassir Little,SF,21,13.5,-1.4,0.2,1.7,0.320261438,0.12037037,0.380952381,0.385166967,0.402,-3.96,-0.379240457,-0.499882913,-0.435372468,-0.360131186
49,Goga Bitadze,C,22,18,-0.8,0.2,1.9,0.22875817,0.101851852,0.238095238,0.256893446,0.427,-2.91,-0.374726059,-0.557319473,-0.438629471,-0.398126695
206,JaMychal Green,PF,31,14.1,-1.8,0,2.7,0.209150327,0.083333333,0.285714286,0.380767632,0.646,3.04,-0.615830984,-0.418564933,-0.438924822,-0.426598108
603,Omer Yurtseven,C,23,17.4,-1,0.2,2.1,0.173202614,0.083333333,0.360544218,0.248233338,0.537,-0.13,-0.431246823,-0.511068247,-0.442868662,-0.459120397
437,Eric Paschall,PF,25,13.9,-0.5,0.3,2,0.189542484,0.055555556,0.12244898,0.259006512,0.451,-1.03,-0.58368188,-0.509235334,-0.443892441,-0.482466924
326,Damion Lee,SG,29,10.9,-2,0,2.7,0.241830065,0.092592593,0.217687075,0.441284467,0.537,1.66,-0.61297483,-0.48366262,-0.446728136,-0.487300329
246,Justin Holiday,SF,32,10.3,-1.7,0.1,1.4,0.359477124,0.166666667,0.19047619,0.499826798,0.427,-2.91,-0.723948536,-0.347330639,-0.454572884,-0.398500762
364,Jaden McDaniels,PF,21,10.3,-2.9,-0.4,2.4,0.300653595,0.101851852,0.285714286,0.632811417,0.512,-0.22,-0.420230617,-0.376661416,-0.464816506,-0.418254564
44,DeAndre' Bembry,SF,27,12.4,-0.4,0.4,2.1,0.189542484,0.12037037,0.217687075,0.3349037,0.549,1.03,-0.560507251,-0.420972392,-0.468621182,-0.481212936
493,Dennis Schröder,PG,28,12.5,-2.8,0.05,1.5,0.413398693,0.467592593,0.224489796,0.327196203,0.4815,-0.62,-0.464488372,-0.360135957,-0.469707455,-0.432051255
164,Drew Eubanks,C,24,17.95,-1.35,0.1,1.7,0.31372549,0.12037037,0.425170068,0.222149092,0.335,-6.89,-0.418517012,-0.44359566,-0.471140688,-0.472578977
24,Marvin Bagley III,PF,22,16,-2.05,-0.05,1,0.390522876,0.078703704,0.476190476,0.20754815,0.396,-2.715,-0.542492216,-0.425702579,-0.473318296,-0.454828685
512,Jalen Smith,PF,21,18.05,-0.75,0.2,1.4,0.316993464,0.046296296,0.421768707,0.166083553,0.488,-0.415,-0.414128107,-0.52748637,-0.477075311,-0.503441913
382,Davion Mitchell,PG,23,10.8,-3.8,-0.9,0.1,0.375816993,0.388888889,0.149659864,0.728037966,0.585,2.3,-0.637943493,-0.590072026,-0.480956212,-0.339461583
381,Shake Milton,SG,25,11.9,-2.2,-0.1,1.7,0.267973856,0.231481481,0.176870748,0.415130941,0.659,4.37,-0.56732391,-0.514718258,-0.481513875,-0.496119407
129,Terence Davis,SG,24,14.6,-0.9,0.2,0.5,0.339869281,0.12037037,0.210884354,0.191180546,0.585,2.3,-0.669067419,-0.23161429,-0.48293743,-0.503529625
264,Joe Ingles,SF,34,10,-0.3,0.5,2.2,0.235294118,0.324074074,0.197278912,0.39659831,0.451,-1.03,-0.595080759,-0.39111368,-0.484752818,-0.437959715
48,Khem Birch,C,29,13.2,-1.3,0.2,2.6,0.147058824,0.092592593,0.292517007,0.348829153,0.5,1.59,-0.606998231,-0.425935643,-0.492235701,-0.522187306
322,Jock Landale,C,26,16,-0.4,0.2,1.5,0.160130719,0.074074074,0.176870748,0.207115145,0.268,-9.82,-0.657173573,-0.74534065,-0.495115492,-0.566039212
425,Victor Oladipo,SG,29,16.8,1.3,0.1,0.4,0.405228758,0.324074074,0.197278912,0.066717473,0.537,-0.13,-0.569938844,-0.565629312,-0.498354598,-0.51288498
366,Doug McDermott,PF,30,11.4,-2.5,-0.1,1.6,0.369281046,0.12037037,0.156462585,0.431273382,0.268,-9.82,-0.727955035,-0.48416843,-0.507400035,-0.480626034
448,Aleksej Pokusevski,PF,20,12,-2.6,-0.2,0.4,0.248366013,0.194444444,0.353741497,0.433421089,0.488,0.96,-0.658994516,-0.514718258,-0.507676768,-0.503344497
209,Josh Green,SG,21,11.9,-1,0.3,2.4,0.156862745,0.111111111,0.163265306,0.36459055,0.463,-0.14,-0.436161831,-0.569700488,-0.511281096,-0.518610761
251,Talen Horton-Tucker,SG,21,11,-3.3,-0.5,1.1,0.326797386,0.25,0.217687075,0.531453513,0.524,0.43,-0.564405372,-0.466368109,-0.517205801,-0.489687683
416,David Nwaba,SF,29,15.3,-0.6,0.2,1.3,0.166666667,0.074074074,0.224489796,0.214839961,0.268,-7.62,-0.77425796,-0.463967616,-0.521445553,-0.549625671
269,Isaiah Jackson,C,20,20.5,-1.6,0,1.4,0.27124183,0.027777778,0.278911565,0.191907995,0.427,-2.91,-0.42702821,-0.649612118,-0.529512662,-0.401107672
111,Zach Collins,C,24,16.4,-0.2,0.2,1.2,0.254901961,0.203703704,0.37414966,0.179402799,0.268,-9.82,-0.485511289,-0.609632165,-0.530213418,-0.530505285
601,Thaddeus Young,PF,33,17.2,2.2,0.45,1.15,0.202614379,0.185185185,0.272108844,0.151292088,0.384,-4.115,-0.63779429,-0.737574634,-0.53062988,-0.508462632
239,George Hill,PG,35,10.2,-1.6,0.1,2.3,0.202614379,0.203703704,0.197278912,0.441388389,0.707,3.61,-0.772241455,-0.617758174,-0.534535224,-0.545468492
373,Ben McLemore,SG,28,11.7,-3.2,-0.4,0.8,0.333333333,0.083333333,0.108843537,0.451399473,0.402,-3.96,-0.889024736,-0.327844595,-0.534626987,-0.553906666
118,DeMarcus Cousins,C,31,18.3,-1.25,0.05,0.8,0.294117647,0.12962963,0.384353741,0.12900097,0.6765,3.325,-0.767479908,-0.555522505,-0.544006603,-0.550237182
327,Saben Lee,PG,22,13.8,-0.4,0.2,0.9,0.183006536,0.268518519,0.163265306,0.214181793,0.207,-7.73,-0.570661743,-0.23723012,-0.544913282,-0.562971202
293,Derrick Jones Jr.,PF,24,13,-0.9,0.2,2.2,0.183006536,0.055555556,0.224489796,0.316821394,0.488,1.37,-0.549005171,-0.510789201,-0.548219809,-0.529256082
471,Paul Reed,C,22,21.4,2.1,0.3,1.3,0.10130719,0.037037037,0.163265306,0.106657891,0.659,4.37,-0.435616724,-0.285481276,-0.551849446,-0.51028237
336,Brook Lopez,C,33,16,-1.3,0.1,0.7,0.405228758,0.046296296,0.278911565,0.110468339,0.707,3.61,-0.887102435,-0.523826744,-0.56561805,-0.514919152
104,Josh Christopher,SG,20,12.2,-3.5,-0.5,0.3,0.258169935,0.185185185,0.170068027,0.467645836,0.268,-7.62,-0.744861529,-0.62585886,-0.565711818,-0.573529823
284,James Johnson,PF,34,10.3,-2.2,-0.1,1.7,0.179738562,0.194444444,0.238095238,0.418525703,0.549,1.03,-0.903728604,-0.577809348,-0.570919854,-0.619052379
81,Thomas Bryant,C,24,16.6,-1,0.1,1.1,0.241830065,0.083333333,0.272108844,0.15702508,0.427,-1.06,-0.638939639,-0.419120186,-0.57420899,-0.58987507
479,Jeremiah Robinson-Earl,C,21,11.7,-2.2,-0.1,1.5,0.245098039,0.092592593,0.380952381,0.383538867,0.488,0.96,-0.58809453,-0.581533885,-0.577655785,-0.593687489
518,Lance Stephenson,PG,31,14.5,-2.8,-0.1,0.8,0.303921569,0.361111111,0.19047619,0.263475128,0.427,-2.91,-0.768266913,-0.61142222,-0.583322788,-0.503595028
534,Cam Thomas,SG,20,11.7,-3.4,-0.4,0.8,0.277777778,0.111111111,0.163265306,0.412775391,0.549,1.03,-0.727039274,-0.611753087,-0.586667757,-0.631332458
321,Jeremy Lamb,SF,29,13.4,-0.5,0.2,0.9,0.232026144,0.12037037,0.163265306,0.217091589,0.427,-2.91,-0.814759192,-0.45927117,-0.589395681,-0.599480025
231,Killian Hayes,PG,20,9.3,-3.5,-0.6,0.5,0.225490196,0.388888889,0.217687075,0.57849522,0.207,-7.73,-0.65156124,-0.537309052,-0.591769874,-0.522137611
263,Andre Iguodala,SF,38,12.3,2.7,0.7,1.6,0.130718954,0.342592593,0.217687075,0.214943882,0.537,1.66,-0.708955204,-0.600316703,-0.593016768,-0.395796533
138,Gorgui Dieng,C,32,17.3,2.1,0.4,1.2,0.114379085,0.074074074,0.19047619,0.130732992,0.5,0.32,-0.752356385,-0.568475834,-0.598137251,-0.604108772
50,Bismack Biyombo,C,29,17.3,-1.3,0.1,1.8,0.189542484,0.055555556,0.31292517,0.17947208,0.549,2.08,-0.692629182,-0.395988847,-0.606371024,-0.589345884
259,De'Andre Hunter,SF,24,10.6,-3.9,-0.8,1.1,0.437908497,0.12037037,0.224489796,0.555909658,0.5,0.32,-0.704192001,-0.590074132,-0.607709044,-0.628269087
500,Day'Ron Sharpe,PF,20,20.7,-2.8,-0.1,1.2,0.202614379,0.046296296,0.340136054,0.138977414,0.549,1.03,-0.559810863,-0.712296859,-0.60911354,-0.643738403
411,Zeke Nnaji,PF,21,13.5,-2.2,0,1.8,0.215686275,0.037037037,0.244897959,0.246986282,0.646,3.04,-0.61311122,-0.524919045,-0.614706482,-0.57363929
399,Trey Murphy III,SF,21,12.5,-1.2,0.2,1.9,0.176470588,0.055555556,0.163265306,0.303415547,0.512,1.63,-0.558989202,-0.539736796,-0.61697402,-0.564231241
64,Tony Bradley,C,24,14.9,-1.8,0,1.3,0.098039216,0.046296296,0.231292517,0.192947208,0.488,1.37,-0.80085632,-0.837124077,-0.625248447,-0.647369873
314,Furkan Korkmaz,SG,24,10.2,-3.1,-0.4,1.2,0.248366013,0.175925926,0.176870748,0.496432035,0.659,4.37,-0.739454762,-0.751810815,-0.627576873,-0.617584511
545,Juan Toscano-Anderson,SF,28,11,-0.8,0.3,2,0.133986928,0.157407407,0.163265306,0.348344187,0.537,1.66,-0.678421011,-0.522063187,-0.62864478,-0.595960322
365,Jalen McDaniels,SF,24,12.7,-2.3,-0.1,1.7,0.202614379,0.101851852,0.210884354,0.314985451,0.329,-5.89,-0.683342405,-0.653969212,-0.631892899,-0.636946152
79,Troy Brown Jr.,SF,22,10.1,-1.8,0.1,1.4,0.140522876,0.092592593,0.210884354,0.370306221,0.488,1.37,-0.720628245,-0.833921907,-0.632318837,-0.660794258
558,Dean Wade,PF,25,10.1,-0.6,0.4,2.3,0.173202614,0.092592593,0.197278912,0.345434391,0.622,5.23,-0.575045701,-0.755654149,-0.63244281,-0.561844873
535,Isaiah Thomas,PG,32,16,-2.7,0,0.4,0.27124183,0.12962963,0.081632653,0.079638354,0.329,-5.89,-1.045034356,-0.649612118,-0.633298762,-0.668331912
532,Daniel Theis,C,29,13.85,-1.75,0,0.95,0.266339869,0.083333333,0.329931973,0.175661632,0.4815,-0.62,-0.869824385,-0.582078284,-0.636464871,-0.638347114
37,Keita Bates-Diop,SF,26,12.4,-2.6,-0.1,1.6,0.18627451,0.064814815,0.265306122,0.336427879,0.268,-9.82,-0.783952306,-0.653969212,-0.639515047,-0.650786406
36,Charles Bassey,C,21,21.5,1.7,0.2,0.8,0.098039216,0.027777778,0.183673469,0.060031869,0.659,4.37,-0.533265131,-0.664981348,-0.646491344,-0.577153552
590,Ziaire Williams,SF,20,9.7,-3,-0.3,2.2,0.264705882,0.092592593,0.142857143,0.473084384,0.622,3.6,-0.546946685,-0.751810815,-0.646956843,-0.581982242
277,Ty Jerome,SG,24,11.3,-2.3,-0.1,0.5,0.232026144,0.212962963,0.108843537,0.282562006,0.488,0.96,-0.833370177,-0.696898245,-0.648056166,-0.686237289
510,Dennis Smith Jr.,PG,24,13.2,-1.7,0.1,0.4,0.183006536,0.333333333,0.163265306,0.226271304,0.402,-3.96,-0.728668545,-0.645751507,-0.648935193,-0.659435921
190,Taj Gibson,C,36,12,-2,0,2.7,0.14379085,0.055555556,0.299319728,0.33331024,0.573,2.99,-0.881595943,-0.624664351,-0.654594611,-0.660183352
369,Rodney McGruder,SG,30,11.6,-1.4,0.1,1.2,0.176470588,0.083333333,0.149659864,0.265622835,0.207,-7.73,-0.929592651,-0.686802173,-0.655972566,-0.694849927
262,Serge Ibaka,C,32,14.3,-1.7,0.05,1,0.222222222,0.078703704,0.326530612,0.156955799,0.622,1.96,-0.957141197,-0.582078284,-0.658930794,-0.645225388
345,Sandro Mamukelashvili,PF,22,14.7,-0.3,0.2,1.1,0.124183007,0.046296296,0.136054422,0.143723154,0.707,3.61,-0.716297258,-0.578546138,-0.660508349,-0.682710667
120,Torrey Craig,SF,31,11.1,-1.65,0,1.15,0.218954248,0.106481481,0.275510204,0.28285645,0.488,-0.415,-0.934731695,-0.743963356,-0.66327954,-0.659875999
173,Trent Forrest,PG,23,10.9,-1,0.2,1.3,0.107843137,0.166666667,0.115646259,0.268740474,0.451,-1.03,-0.727742208,-0.748746965,-0.670703977,-0.705853182
288,Stanley Johnson,PF,25,10.5,-2.7,-0.2,1.8,0.218954248,0.157407407,0.217687075,0.386171539,0.524,0.43,-0.704952401,-0.767444956,-0.672594513,-0.648366923
6,Nickeil Alexander-Walker,SG,23,10.35,-2.35,-0.15,0.05,0.266339869,0.180555556,0.163265306,0.259491478,0.4815,0.3,-0.907002591,-0.621178401,-0.681186473,-0.709780712
166,Derrick Favors,C,30,13.6,-2.1,0,1.4,0.173202614,0.055555556,0.319727891,0.231294167,0.488,0.96,-0.903012187,-0.750508353,-0.684296696,-0.655032204
211,Quentin Grimes,SG,21,10.7,-0.3,0.3,1.4,0.196078431,0.092592593,0.136054422,0.277504503,0.573,2.99,-0.609972381,-0.594227745,-0.686263382,-0.627082753
187,Luka Garza,C,23,15.6,-2.5,-0.1,0.8,0.189542484,0.055555556,0.210884354,0.138284606,0.207,-7.73,-0.832075278,-0.627648085,-0.686450661,-0.730270279
604,Cody Zeller,C,29,17.2,-2.1,0,1.1,0.169934641,0.074074074,0.31292517,0.126818623,0.402,-3.96,-0.864172723,-0.649260431,-0.687834112,-0.681207974
234,Juancho Hernangómez,PF,26,14.5,2.2,0.3,0.9,0.202614379,0.074074074,0.238095238,0.108597755,0.451,-1.03,-0.675703945,-0.581396681,-0.688987879,-0.648103695
178,Enes Freedom,C,29,15,-1.4,0.1,1.4,0.120915033,0.018518519,0.31292517,0.145732299,0.695,6.38,-0.894519761,-0.578546138,-0.692080227,-0.652291072
311,Nathan Knight,PF,24,18.7,-0.6,0.1,1,0.120915033,0.055555556,0.156462585,0.094291257,0.512,-0.22,-0.715357419,-0.613630317,-0.697295641,-0.70049937
470,Davon Reed,SG,26,12.2,-0.3,0.3,1.6,0.14379085,0.101851852,0.156462585,0.235520299,0.646,3.04,-0.710948566,-0.867517004,-0.698560843,-0.697304729
268,Frank Jackson,PG,23,10.6,-3.5,-0.4,0.7,0.346405229,0.092592593,0.108843537,0.410142719,0.207,-7.73,-0.824071538,-0.637593464,-0.698773481,-0.641599351
469,Cam Reddish,SF,22,12.85,-1.15,0.1,0.5,0.294117647,0.083333333,0.132653061,0.1811175,0.5365,1.655,-0.751306253,-0.64620285,-0.69901121,-0.679361959
519,Lamar Stevens,PF,24,11.3,-2.9,-0.2,1.6,0.199346405,0.064814815,0.176870748,0.356484689,0.622,5.23,-0.779834709,-0.693320302,-0.702534234,-0.695852115
196,Brandon Goodwin,PG,26,11.8,-1.6,0.1,0.7,0.156862745,0.231481481,0.129251701,0.178017182,0.622,5.23,-0.870460816,-0.647104471,-0.708314408,-0.821947612
483,Terrence Ross,SG,30,10,-3.7,-0.6,0.3,0.326797386,0.166666667,0.176870748,0.508867951,0.415,-2.39,-1.021337646,-0.811627281,-0.709638655,-0.578428371
244,Aaron Holiday,PG,25,13.1,-1.45,0.05,0.7,0.210784314,0.24537037,0.139455782,0.181775669,0.488,0.51,-0.766020681,-0.724160939,-0.709788604,-0.659756283
528,Garrett Temple,SG,35,8.6,-2.5,-0.1,0.8,0.169934641,0.12037037,0.163265306,0.386102259,0.512,1.63,-1.186321649,-0.782146404,-0.712649191,-0.747202066
587,Lou Williams,PG,35,12.1,-3.4,-0.3,0.6,0.205882353,0.175925926,0.108843537,0.281037827,0.5,0.32,-1.180244986,-0.724104741,-0.712941479,-0.684279972
161,Wayne Ellington,SG,34,9.9,-1.4,0.1,1,0.218954248,0.064814815,0.12244898,0.286407094,0.524,0.43,-1.080738845,-0.749205255,-0.714164854,-0.679364201
300,DeAndre Jordan,C,33,17,-1.75,0.1,0.95,0.142156863,0.041666667,0.380952381,0.111576832,0.5915,2.4,-1.000418707,-0.601907133,-0.716522531,-0.701947867
571,Lindy Waters III,SG,24,13,-1.6,0.1,0.8,0.261437908,0.092592593,0.197278912,0.166828322,0.488,0.96,-0.787091275,-0.712236684,-0.716603415,-0.711007961
443,Reggie Perry,PF,21,16.2,-3.8,-0.1,0.2,0.326797386,0.12037037,0.346938776,0.067444922,0.402,-3.96,-0.79540508,-0.692634325,-0.718902898,-0.663075082
388,Xavier Moon,SG,27,16.2,-0.1,0.1,0.3,0.189542484,0.222222222,0.095238095,0.051510323,0.537,0.31,-0.820777515,-0.65724542,-0.724929166,-0.72292004
350,Naji Marshall,SF,24,12.3,-3.2,-0.2,0.8,0.18627451,0.101851852,0.176870748,0.258556187,0.512,1.63,-0.909601301,-0.778136112,-0.725253936,-0.72675539
538,Tristan Thompson,PF,30,15.05,-2.7,-0.1,0.8,0.194444444,0.055555556,0.343537415,0.148694056,0.5365,1.835,-1.007000908,-0.627648085,-0.725390134,-0.69878349
328,Alex Len,C,28,13.1,-2.9,-0.1,0.9,0.196078431,0.111111111,0.278911565,0.2195857,0.585,2.3,-0.944399259,-0.869603174,-0.731216328,-0.750774931
593,Justise Winslow,PF,25,13.25,-1.75,0.05,0.4,0.243464052,0.199074074,0.336734694,0.140432313,0.4695,-1.825,-0.819547716,-0.648078363,-0.731981031,-0.751781595
193,Anthony Gill,PF,29,14.7,-1.9,0,1.4,0.133986928,0.055555556,0.129251701,0.163329638,0.427,-1.06,-0.917414548,-0.757261998,-0.732086014,-0.726644781
498,Collin Sexton,SG,23,11.2,-4.1,-0.2,-0.1,0.522875817,0.194444444,0.224489796,0.118712762,0.622,5.23,-0.86771277,-0.992846542,-0.732711919,-0.769121684
584,Brandon Williams,PG,22,11,-5.7,-0.6,-0.5,0.421568627,0.361111111,0.210884354,0.230254954,0.402,-3.96,-0.935698287,-0.527140012,-0.732932509,-0.807725124
404,Larry Nance Jr.,PF,29,14.2,-1.9,0,0.4,0.238562092,0.083333333,0.292517007,0.069350145,0.512,1.63,-1.0140772,-0.54014269,-0.733772813,-0.705423472
490,Tomáš Satoranský,PG,30,14.4,-1.5,0.1,1,0.160130719,0.453703704,0.19047619,0.149958431,0.427,-1.06,-0.728365942,-0.627648085,-0.735205481,-0.586550461
140,Donte DiVincenzo,SG,25,10.45,-3.05,-0.05,0.35,0.285947712,0.24537037,0.268707483,0.181637107,0.646,2.955,-0.900229972,-0.691553482,-0.736946364,-0.784703605
588,Patrick Williams,PF,20,12.7,-1.5,0,0.9,0.294117647,0.083333333,0.278911565,0.154080643,0.488,1.37,-0.670029561,-0.761159835,-0.739597286,-0.739961731
347,Tre Mann,PG,20,10.2,-4.4,-0.8,0.1,0.339869281,0.138888889,0.197278912,0.48073992,0.488,0.96,-0.864997871,-0.768549895,-0.745304835,-0.692799867
417,Jordan Nwora,SF,23,9.9,-4.1,-0.6,0.6,0.258169935,0.092592593,0.244897959,0.416412637,0.707,3.61,-0.942742129,-0.816719639,-0.75020722,-0.758736016
337,Robin Lopez,C,33,13.7,-3.8,-0.3,0.8,0.232026144,0.138888889,0.238095238,0.217195511,0.415,-2.39,-1.094683793,-0.699966657,-0.751590797,-0.691990143
60,Brandon Boston Jr.,SG,20,11.2,-3.3,-0.3,0.4,0.218954248,0.092592593,0.149659864,0.267735901,0.537,0.31,-0.895375005,-0.74396032,-0.752056907,-0.746830037
323,Romeo Langford,SG,22,9.3,-1.2,0.2,1.3,0.153594771,0.037037037,0.163265306,0.25720521,0.695,6.38,-0.799856445,-0.701913734,-0.753756368,-0.687399173
170,Malachi Flynn,PG,23,11.7,-1.5,0.1,1,0.140522876,0.148148148,0.095238095,0.189552446,0.5,1.59,-0.809223005,-0.647104471,-0.754474907,-0.798700302
414,Frank Ntilikina,SG,23,10.4,-1.9,0,0.9,0.133986928,0.111111111,0.095238095,0.240681724,0.463,-0.14,-0.888980724,-0.776738988,-0.756582124,-0.789361725
216,R.J. Hampton,SG,20,8.5,-4.1,-0.7,-0.2,0.248366013,0.231481481,0.204081633,0.492552307,0.415,-2.39,-0.926126162,-0.790931247,-0.757617499,-0.815504497
63,Avery Bradley,SG,31,7.8,-3.6,-0.6,1.2,0.209150327,0.074074074,0.149659864,0.494215048,0.524,0.43,-1.110566368,-0.644879512,-0.759187108,-0.740389898
581,Aaron Wiggins,SG,23,10.3,-4.3,-0.7,1.2,0.27124183,0.12962963,0.244897959,0.426493003,0.488,0.96,-0.832349255,-0.83130879,-0.760355723,-0.796957841
23,Udoka Azubuike,C,22,17.6,-1.4,0,0.6,0.153594771,0,0.285714286,0.070839684,0.451,-1.03,-0.80338438,-0.765086856,-0.761603332,-0.728868829
511,Ish Smith,PG,33,12.3,-3,-0.1,0.3,0.214052288,0.361111111,0.153061224,0.200533463,0.378,-3.475,-1.04473008,-0.641737347,-0.772112522,-0.744252389
305,Braxton Key,SF,24,13.9,-3.2,-0.1,0.2,0.281045752,0.101851852,0.360544218,0.072814189,0.207,-7.73,-0.942890762,-0.692634325,-0.779671642,-0.759652666
522,Jalen Suggs,PG,20,8.6,-5.6,-1.2,-1.6,0.385620915,0.407407407,0.244897959,0.461479839,0.415,-2.39,-1.062616911,-0.80730789,-0.786315848,-0.751159424
171,Bryn Forbes,SG,28,11.5,-2.95,-0.15,0.7,0.289215686,0.092592593,0.085034014,0.227986005,0.457,-3.39,-0.993126013,-0.979800252,-0.788605135,-0.782196161
321,Jeremy Lamb,SG,29,13.1,-1.5,0,0.3,0.258169935,0.166666667,0.238095238,0.117396425,0.585,2.3,-0.96473782,-0.720489812,-0.790579815,-0.746725422
489,Olivier Sarr,C,22,14,-4,-0.2,1,0.22875817,0.083333333,0.285714286,0.151759734,0.488,0.96,-0.837733445,-0.945632711,-0.793749591,-0.810828452
77,Moses Brown,C,22,18.45,-3.35,-0.05,0.6,0.155228758,0,0.258503401,0.062370098,0.5425,2.545,-0.871212427,-0.786942564,-0.796563397,-0.803840471
475,Austin Rivers,SG,29,7.2,-3.8,-0.7,1.2,0.196078431,0.12037037,0.115646259,0.519641125,0.646,3.04,-1.070120938,-0.686712502,-0.800674315,-0.78340898
412,Nerlens Noel,C,27,11.8,0.3,0.3,1.5,0.111111111,0.083333333,0.380952381,0.201780518,0.573,2.99,-0.757941434,-0.895782874,-0.801542961,-0.740260131
223,Joe Harris,SF,30,9.6,-1.4,0.1,0.5,0.369281046,0.092592593,0.272108844,0.156297631,0.549,1.03,-0.98960047,-0.847481134,-0.815259326,-0.717632309
302,Georgios Kalaitzakis,SF,23,9.4,-6.8,-0.2,-0.1,0.571895425,0.277777778,0.224489796,0.071186088,0.488,0.96,-0.965218994,-0.736880083,-0.817237159,-0.861564058
402,Svi Mykhailiuk,SF,24,9.6,-2.9,-0.2,0.8,0.150326797,0.074074074,0.108843537,0.251766662,0.5,1.59,-1.018538426,-0.782737314,-0.821854336,-0.815738466
473,Nick Richards,C,24,15.9,-2.8,-0.1,1,0.098039216,0.027777778,0.115646259,0.128966329,0.329,-5.89,-0.921782502,-1.048837952,-0.824476889,-0.778899691
481,Rajon Rondo,PG,35,10.2,-2.1,0,0.35,0.151960784,0.398148148,0.18707483,0.126368297,0.573,2.83,-1.141638463,-0.737276274,-0.826203872,-0.814534233
570,Yuta Watanabe,SF,27,11.5,-2,0,0.7,0.140522876,0.055555556,0.163265306,0.157510046,0.5,1.59,-1.05026225,-0.787940619,-0.829325027,-0.863496542
254,Markus Howard,SG,22,16.1,-1.2,0,0.3,0.133986928,0.018518519,0.027210884,0.062248857,0.646,3.04,-0.912106472,-0.779896003,-0.832444742,-0.771855228
29,Dalano Banton,PG,22,10,-3.1,-0.2,0.4,0.104575163,0.138888889,0.129251701,0.244180407,0.5,1.59,-1.015028447,-1.033777457,-0.832857452,-0.852844098
506,Jericho Sims,PF,23,11.6,-1.7,0,1.5,0.071895425,0.046296296,0.278911565,0.196238049,0.573,2.99,-0.840238752,-0.772065661,-0.834169887,-0.884771298
387,Moses Moody,SG,19,10.5,-2.5,-0.1,1.3,0.14379085,0.037037037,0.102040816,0.213627546,0.537,1.66,-0.814050691,-0.685939546,-0.839514156,-0.887491877
95,Jevon Carter,PG,26,10.45,-1.6,0,0.55,0.150326797,0.162037037,0.12585034,0.161199252,0.628,2.32,-0.992210214,-0.89356616,-0.84896072,-0.882946936
160,CJ Elleby,SF,21,9.2,-5.3,-1,0.4,0.189542484,0.138888889,0.265306122,0.412983234,0.402,-3.96,-1.051625765,-0.711712444,-0.854526704,-0.83757141
103,Marquese Chriss,PF,24,14.8,-3.8,-0.2,0.8,0.147058824,0.046296296,0.204081633,0.122696411,0.463,-0.14,-0.982560835,-0.82648086,-0.857920262,-0.821814912
229,Sam Hauser,SF,24,14.8,2.3,0.2,0.6,0.081699346,0.037037037,0.074829932,0.056152141,0.695,6.38,-0.808432931,-1.026908273,-0.872223589,-0.770201387
153,Kris Dunn,PG,27,12.5,-5.4,-0.3,0.2,0.248366013,0.518518519,0.238095238,0.124012748,0.402,-3.96,-0.934884921,-1.075936241,-0.873780014,-0.886783616
287,Keon Johnson,SG,19,8.5,-6,-0.6,-0.5,0.316993464,0.268518519,0.183673469,0.202819731,0.402,-3.96,-1.074519187,-0.613184223,-0.874614169,-0.992367422
202,Hassani Gravett,PG,25,10.1,-2.3,0,0.3,0.205882353,0.231481481,0.176870748,0.065955383,0.415,-2.39,-1.001065957,-0.962801085,-0.875325213,-0.917462706
86,Jared Butler,SG,21,12.1,-1.6,0,0.4,0.124183007,0.138888889,0.074829932,0.126991825,0.451,-1.03,-0.896073209,-0.750718699,-0.879158361,-0.873324422
568,Duane Washington Jr.,PG,21,10.2,-4.7,-0.7,0,0.323529412,0.166666667,0.115646259,0.341623943,0.427,-2.91,-0.969498539,-0.773494005,-0.882891286,-0.870273879
344,Théo Maledon,PG,20,10.6,-4.4,-0.6,0.3,0.232026144,0.203703704,0.176870748,0.320008314,0.488,0.96,-0.906064569,-0.973150906,-0.885131057,-0.863672314
357,Wesley Matthews,SG,35,6.9,-3.3,-0.3,1.2,0.166666667,0.064814815,0.129251701,0.353470971,0.707,3.61,-1.283497281,-0.811465941,-0.88566801,-0.858603757
536,Matt Thomas,SG,27,9.9,-2.6,-0.1,0.6,0.130718954,0.046296296,0.088435374,0.162290425,0.488,1.37,-1.160840121,-0.902491279,-0.886175345,-0.928144341
92,Devin Cannady,PG,25,8.6,-3.2,0,0.1,0.326797386,0.185185185,0.081632653,0.059581544,0.415,-2.39,-1.069540773,-0.835855536,-0.88644642,-0.905005051
10,Justin Anderson,SF,28,10.3,-3.3,-0.1,0.2,0.222222222,0.194444444,0.210884354,0.099660524,0.427,-2.91,-1.129814559,-0.991856454,-0.889121665,-0.929806897
330,Kira Lewis Jr.,PG,20,9.8,-4,-0.2,-0.1,0.192810458,0.185185185,0.108843537,0.122350007,0.512,1.63,-1.051327743,-0.860142212,-0.889472072,-0.971534309
342,Timothé Luwawu-Cabarrot,SF,26,9.3,-3.3,-0.2,0.9,0.14379085,0.074074074,0.108843537,0.24116669,0.5,0.32,-1.087177474,-0.802114607,-0.889514908,-0.857056613
334,Isaiah Livers,SF,23,11.1,-1.5,0,0.7,0.209150327,0.101851852,0.204081633,0.138977414,0.207,-7.73,-0.873818034,-0.85067075,-0.891082001,-0.805618203
421,Josh Okogie,SG,23,9,-2.7,-0.1,0.7,0.088235294,0.046296296,0.095238095,0.181689067,0.512,-0.22,-1.091871428,-0.902491279,-0.895533784,-0.947733148
252,Danuel House Jr.,SF,28,9.65,-2.2,0.1,0.55,0.189542484,0.101851852,0.183673469,0.13062907,0.3595,-4.325,-1.093036301,-0.953573638,-0.896178927,-0.888551593
271,Josh Jackson,SF,24,9.9,-3.7,-0.3,0.2,0.232026144,0.12037037,0.217687075,0.250484966,0.207,-7.73,-1.049772909,-0.780764916,-0.896643849,-0.786549372
100,Justin Champagnie,SF,20,13.6,-2,0,0.8,0.075163399,0.027777778,0.136054422,0.09934876,0.5,1.59,-0.89216716,-1.355314034,-0.896683614,-0.834645488
505,Zavier Simpson,PG,24,7.7,-7.9,-0.3,-0.1,0.359477124,0.694444444,0.360544218,0.074650132,0.488,0.96,-0.964795653,-0.831192776,-0.902537553,-0.88259909
394,Markieff Morris,PF,32,10.9,-1.9,0,0.3,0.248366013,0.12962963,0.176870748,0.108597755,0.537,-0.13,-1.152650645,-0.876840469,-0.903738291,-0.821003244
219,Maurice Harkless,SF,28,7.7,-3.3,-0.3,0.5,0.150326797,0.046296296,0.163265306,0.304627962,0.585,2.3,-1.226170317,-0.958539199,-0.905289232,-0.91518787
13,Thanasis Antetokounmpo,SF,29,12.5,-3.5,-0.2,0.9,0.117647059,0.046296296,0.142857143,0.166585839,0.707,3.61,-1.147935516,-0.976916638,-0.907193429,-0.905737447
452,Michael Porter Jr.,SF,23,7.5,-3.5,-0.1,-0.2,0.323529412,0.175925926,0.448979592,0.101288624,0.646,3.04,-1.063033237,-0.835855536,-0.909285233,-0.914402353
246,Justin Holiday,SG,32,7.9,-3.4,-0.2,0,0.27124183,0.138888889,0.149659864,0.230220313,0.585,2.3,-1.287983157,-0.836607883,-0.917677458,-0.847351458
158,Kessler Edwards,SF,21,8.3,-3.8,-0.5,0.6,0.192810458,0.055555556,0.244897959,0.348344187,0.549,1.03,-1.004294253,-1.02201545,-0.92405037,-0.846696604
186,Usman Garuba,PF,19,12.9,-0.9,0.1,0.5,0.065359477,0.064814815,0.238095238,0.085908272,0.268,-7.62,-0.851099941,-0.966198132,-0.927713222,-0.929634392
19,D.J. Augustin,PG,34,9.7,-3.45,-0.2,0.4,0.174836601,0.175925926,0.085034014,0.157925731,0.396,-3.595,-1.314268832,-0.860142212,-0.930172915,-0.919797196
445,Theo Pinson,SF,26,11.9,-0.5,0.1,0.4,0.081699346,0.083333333,0.074829932,0.053276985,0.463,-0.14,-1.06235025,-0.933791697,-0.932855261,-0.95538903
75,Greg Brown III,SF,20,11,-4.7,-0.4,0.4,0.153594771,0.064814815,0.19047619,0.225613136,0.402,-3.96,-1.04083571,-0.903023323,-0.938011715,-0.985083459
45,Dāvis Bertāns,PF,29,9.75,-2.2,-0.05,0.45,0.179738562,0.055555556,0.146258503,0.144034918,0.445,-0.6,-1.179240867,-0.914580555,-0.939014654,-0.884241385
105,Gary Clark,PF,27,11.4,0.1,0.2,0.7,0.088235294,0.046296296,0.163265306,0.133677428,0.512,1.63,-0.993480031,-0.877047416,-0.943829737,-0.921362315
148,PJ Dozier,SG,25,8.7,-2,0,0.3,0.176470588,0.148148148,0.238095238,0.123631703,0.646,3.04,-1.060842342,-0.896788367,-0.945742688,-0.907567666
561,Ish Wainright,PF,27,9.4,-2,0,0.6,0.078431373,0.027777778,0.081632653,0.126437578,0.549,2.08,-1.198554247,-0.871050071,-0.954527984,-0.983010389
65,Ignas Brazdeikis,SF,23,10.2,-4.3,-0.3,0.5,0.163398693,0.083333333,0.115646259,0.189413884,0.415,-2.39,-1.102086418,-0.954372767,-0.960403038,-0.959212139
180,Wenyen Gabriel,PF,24,13.1,-5.7,-0.3,0.6,0.218954248,0.055555556,0.292517007,0.112719967,0.524,0.43,-1.088004539,-0.879613086,-0.960800066,-0.967591935
424,KZ Okpala,PF,22,10.4,-2.8,-0.1,0.5,0.120915033,0.064814815,0.136054422,0.087848136,0.537,-0.13,-1.068086056,-0.930883531,-0.963910816,-0.990449946
353,Kelan Martin,SF,26,9.7,-3.3,-0.1,0.1,0.205882353,0.074074074,0.136054422,0.158791742,0.427,-2.91,-1.172849863,-0.828990793,-0.964903169,-0.881264062
149,Goran Dragić,PG,35,8.6,-4.4,-0.3,0.1,0.238562092,0.444444444,0.217687075,0.149473465,0.549,1.03,-1.252455888,-1.095753345,-0.964950294,-0.888988257
91,Vlatko Čančar,PF,24,12.7,-1.7,0,0.4,0.133986928,0.101851852,0.142857143,0.064327283,0.646,3.04,-0.995025549,-0.839093641,-0.966814776,-0.900569098
115,Tyler Cook,PF,24,13,-4.1,-0.1,0.5,0.111111111,0.018518519,0.183673469,0.072052099,0.488,1.37,-1.136748737,-0.920313651,-0.980188097,-0.972503553
84,Trey Burke,PG,29,10,-5,-0.3,0,0.166666667,0.12962963,0.054421769,0.155708743,0.463,-0.14,-1.349428274,-0.920394,-0.981151634,-1.005143573
592,Dylan Windler,SF,25,8.8,-1.7,0,0.8,0.071895425,0.064814815,0.12244898,0.161493695,0.622,5.23,-1.086075594,-1.14982044,-0.983414893,-0.995535908
600,Gabe York,SG,28,12.7,-1.5,0,0,0.130718954,0.185185185,0.068027211,0.010218928,0.427,-2.91,-1.129679732,-0.876768499,-0.991222684,-0.907654169
152,David Duke Jr.,PG,22,10,-3.9,-0.2,0.3,0.153594771,0.074074074,0.204081633,0.122800333,0.549,1.03,-1.11409411,-1.056734628,-0.992721967,-1.008156721
359,Skylar Mays,SG,24,11.7,-2,0,0.3,0.094771242,0.055555556,0.06122449,0.078252737,0.5,0.32,-1.102666119,-0.801132153,-0.99285196,-0.967489898
380,Paul Millsap,C,36,11.2,-3.1,-0.1,0.4,0.111111111,0.092592593,0.25170068,0.096750727,0.549,1.03,-1.39622745,-1.103143097,-0.999988268,-0.96237141
78,Sterling Brown,SG,26,8.4,-2.9,-0.1,0.8,0.107843137,0.064814815,0.204081633,0.221283082,0.463,-0.14,-1.123393657,-1.010727843,-1.001956666,-0.931920514
460,Joshua Primo,SF,19,7.1,-5,-0.7,0,0.189542484,0.148148148,0.156462585,0.340272967,0.268,-9.82,-1.105098719,-0.866158502,-1.005635816,-1.018144382
541,Killian Tillie,C,23,7.6,-2.7,-0.1,0.6,0.107843137,0.055555556,0.115646259,0.16343356,0.622,3.6,-1.131092542,-0.826790017,-1.016839666,-0.999351713
70,Armoni Brooks,SG,23,8.4,-4.4,-0.4,0,0.202614379,0.111111111,0.136054422,0.244145767,0.268,-7.62,-1.169098535,-0.910412502,-1.017152557,-0.950648922
212,Kyle Guy,SG,24,9.5,-3.4,-0.1,0.1,0.12745098,0.083333333,0.06122449,0.067133158,0.537,-0.13,-1.225606563,-0.935214321,-1.020542012,-1.044923913
316,Vit Krejci,SG,21,8.5,-5.3,-0.6,0.6,0.202614379,0.175925926,0.231292517,0.246293474,0.488,0.96,-1.041644942,-1.038362804,-1.023244697,-0.989497779
583,Lindell Wigginton,PG,23,10.2,-5,-0.2,0.2,0.137254902,0.111111111,0.088435374,0.071878897,0.707,3.61,-1.216632756,-0.881125411,-1.026974036,-1.102344389
135,Mamadi Diakite,PF,25,11.6,-5,-0.1,0.3,0.140522876,0.018518519,0.306122449,0.069454067,0.488,0.96,-1.232202686,-0.854927214,-1.027584158,-1.050185659
4,Santi Aldama,PF,21,10.2,-5.7,-0.3,0.3,0.133986928,0.064814815,0.183673469,0.127927117,0.622,3.6,-1.186112356,-1.028746626,-1.029489843,-1.056357171
278,Isaiah Joe,SG,22,7.7,-4.6,-0.4,0.4,0.117647059,0.055555556,0.068027211,0.214112512,0.659,4.37,-1.221030452,-1.03363598,-1.030721538,-1.051698977
240,Malcolm Hill,SF,26,11,-3.1,0,0.3,0.111111111,0.037037037,0.12244898,0.060412914,0.488,1.37,-1.216998561,-0.979437712,-1.035884131,-0.990999446
440,Elfrid Payton,PG,27,7.9,-3.5,-0.2,-0.2,0.098039216,0.185185185,0.12244898,0.193293612,0.549,2.08,-1.297461738,-1.210728423,-1.052751928,-0.964353852
406,Aaron Nesmith,SF,22,7.3,-4.3,-0.3,0.4,0.124183007,0.037037037,0.115646259,0.20195372,0.695,6.38,-1.214279948,-1.128830751,-1.055945551,-0.989745803
122,Jarrett Culver,SG,22,8.7,-5.4,-0.3,0.1,0.114379085,0.083333333,0.088435374,0.119544132,0.622,3.6,-1.283129229,-1.031969173,-1.056339803,-1.093030479
248,Rodney Hood,PF,29,6.7,-3.5,-0.2,0.5,0.107843137,0.074074074,0.115646259,0.205729528,0.707,3.61,-1.333622221,-1.088233275,-1.056404094,-1.022428084
539,JT Thor,PF,19,9.7,-3,-0.1,0.3,0.065359477,0.055555556,0.088435374,0.092801718,0.329,-5.89,-1.091825897,-1.215624814,-1.058278604,-1.076549512
70,Armoni Brooks,PG,23,8.6,-1.6,0,0.2,0.08496732,0.092592593,0.115646259,0.056741028,0.5,1.59,-1.145650997,-1.194617437,-1.067020749,-1.058389602
514,Tony Snell,SG,30,6.9,-3.8,-0.2,0.2,0.138888889,0.046296296,0.136054422,0.147550921,0.457,-1.165,-1.428389243,-0.987331831,-1.069427495,-1.023752805
492,Admiral Schofield,SF,24,7.5,-5.4,-0.4,0.3,0.124183007,0.064814815,0.156462585,0.166031592,0.415,-2.39,-1.324663197,-1.046870072,-1.077962909,-1.116487931
444,Jamorko Pickett,PF,24,7.6,-5,-0.1,0.1,0.124183007,0.046296296,0.170068027,0.064950811,0.207,-7.73,-1.352685554,-1.186241116,-1.10016584,-1.179219058
62,James Bouknight,SG,21,10.1,-7.1,-0.4,0,0.150326797,0.074074074,0.115646259,0.108008868,0.329,-5.89,-1.30058515,-1.169465225,-1.112075965,-1.090112335
516,Cassius Stanley,SG,22,8,-5.8,-0.2,0.1,0.189542484,0.037037037,0.142857143,0.058958016,0.207,-7.73,-1.306134794,-1.386998803,-1.113462872,-1.135312942
98,Willie Cauley-Stein,C,28,8.4,-3.1,0,0.2,0.062091503,0.046296296,0.142857143,0.064015519,0.463,-0.14,-1.371601443,-1.029610799,-1.114931834,-1.140431101
325,Jake Layman,SF,27,9,-3.9,-0.1,0.1,0.078431373,0.027777778,0.074829932,0.081682139,0.512,-0.22,-1.389498692,-1.215624814,-1.119906033,-1.118361523
552,Denzel Valentine,SG,28,8.4,-2.4,0,0.2,0.094771242,0.046296296,0.115646259,0.073195233,0.622,5.23,-1.321723003,-1.219311566,-1.122495029,-1.077083824
18,Trevor Ariza,SF,36,7,-3.4,-0.2,0.2,0.130718954,0.101851852,0.231292517,0.166031592,0.524,0.43,-1.513325249,-1.094428552,-1.122658328,-1.033924114
580,Joe Wieskamp,SG,22,7.1,-3.9,-0.1,0.1,0.068627451,0.027777778,0.034013605,0.072779548,0.268,-9.82,-1.329438706,-1.028149233,-1.133828546,-1.18709402
524,Keifer Sykes,PG,28,5.9,-6.9,-0.7,-0.5,0.183006536,0.175925926,0.095238095,0.201503395,0.427,-2.91,-1.566006243,-1.450991874,-1.142702141,-1.152780423
128,Ed Davis,C,32,9.3,-1.8,0,0.5,0.029411765,0.018518519,0.142857143,0.071186088,0.622,5.23,-1.38656647,-1.295558947,-1.149906109,-1.050886096
490,Tomáš Satoranský,SG,30,6.5,-5.6,-0.4,0,0.091503268,0.222222222,0.136054422,0.171123736,0.512,1.63,-1.480293294,-1.285021788,-1.157674881,-1.228564944
410,Daishen Nix,SG,19,8.1,-6.4,-0.3,-0.2,0.104575163,0.157407407,0.095238095,0.093494527,0.268,-7.62,-1.280565721,-1.089510728,-1.163889887,-1.141890826
39,Kent Bazemore,SF,32,6,-4.3,-0.3,0.1,0.111111111,0.083333333,0.12244898,0.192947208,0.524,0.43,-1.525719104,-1.109819886,-1.166707136,-1.10936298
238,Haywood Highsmith,SF,25,7,-4.6,-0.1,0.1,0.075163399,0.027777778,0.095238095,0.058750173,0.537,-0.13,-1.430481236,-1.065175603,-1.184397467,-1.209180413
572,Tremont Waters,PG,24,7.3,-5.4,0,0,0.065359477,0,0,0.004849661,0.427,-1.06,-1.489164348,-1.207735758,-1.201994008,-1.260696894
360,Miles McBride,PG,21,6.1,-4.5,-0.2,0.2,0.071895425,0.092592593,0.074829932,0.13139116,0.573,2.99,-1.282027052,-1.205669765,-1.210535025,-1.210661978
403,Abdel Nader,SF,28,4.9,-4.9,-0.1,0,0.078431373,0.046296296,0.129251701,0.053138423,0.549,2.08,-1.57301326,-1.17873662,-1.23732945,-1.311789368
567,Brad Wanamaker,PG,32,6.5,-6.6,-0.3,-0.1,0.114379085,0.203703704,0.108843537,0.105410836,0.427,-2.91,-1.601459371,-1.465869607,-1.243617735,-1.210455861
574,Paul Watson,SF,27,5.7,-5.4,-0.1,0,0.111111111,0.083333333,0.204081633,0.059339061,0.488,0.96,-1.493445756,-1.216112261,-1.255885003,-1.24883343
177,Tim Frazier,PG,31,3.8,-8,-0.3,-0.2,0.120915033,0.305555556,0.129251701,0.075516142,0.415,-2.39,-1.665543892,-1.34660854,-1.259570206,-1.24430428
73,Charlie Brown Jr.,SG,24,6.6,-5,-0.1,0.1,0.049019608,0.027777778,0.108843537,0.058369128,0.659,4.37,-1.447325736,-1.134464103,-1.261560443,-1.276913141
477,Justin Robinson,PG,24,4.3,-6.6,-0.2,-0.1,0.091503268,0.111111111,0.054421769,0.071913537,0.707,3.61,-1.537320714,-1.349450693,-1.263336371,-1.307108988
370,Alfonzo McKinnie,SF,29,5.6,-9,-0.4,-0.1,0.114379085,0.027777778,0.129251701,0.074857974,0.488,1.37,-1.773252688,-1.255474055,-1.268079457,-1.277715416
102,Chris Chiozza,PG,26,4.4,-6,-0.4,0,0.065359477,0.175925926,0.074829932,0.131945407,0.537,1.66,-1.519866038,-1.18971549,-1.277361258,-1.286839806
419,Semi Ojeleye,PF,27,5,-6.6,-0.4,0.1,0.094771242,0.027777778,0.197278912,0.111334349,0.707,3.61,-1.602557064,-1.174579241,-1.277957035,-1.277716311
57,Leandro Bolmaro,SF,21,5.4,-5.8,-0.2,0,0.045751634,0.055555556,0.081632653,0.085180823,0.512,-0.22,-1.43937741,-1.290496498,-1.291607072,-1.324809204
53,Keljin Blevins,SF,26,4.8,-8.5,-0.6,-0.5,0.10130719,0.055555556,0.102040816,0.124116669,0.402,-3.96,-1.753372884,-1.351643559,-1.292403645,-1.233159654
435,Kevin Pangos,PG,29,6.5,-6.1,-0.2,0.1,0.052287582,0.12037037,0.034013605,0.059200499,0.622,5.23,-1.582963366,-1.58828701,-1.300948456,-1.349427586
257,Elijah Hughes,SG,23,3.7,-8.8,-0.6,-0.5,0.124183007,0.064814815,0.129251701,0.115906887,0.402,-3.96,-1.700195383,-1.351643559,-1.326533242,-1.258924152
241,Solomon Hill,SF,30,3.3,-4,-0.1,0,0.019607843,0.083333333,0.12244898,0.051163919,0.5,0.32,-1.646217069,-1.468484524,-1.358293652,-1.337598142
508,Javonte Smart,PG,22,2.5,-8.1,-0.2,-0.2,0.078431373,0.101851852,0.102040816,0.058992656,0.707,3.61,-1.623563174,-1.354900289,-1.385086507,-1.417391362
565,Tyrone Wallace,SG,27,2.5,-8.2,-0.1,-0.1,0.091503268,0.018518519,0.088435374,0.02961757,0.512,1.63,-1.781506169,-1.260604755,-1.461899887,-1.416621306
397,Mychal Mulder,PG,27,2.1,-8.6,-0.3,-0.4,0.120915033,0.018518519,0.095238095,0.071359291,0.415,-2.39,-1.836961408,-1.509613401,-1.487895259,-1.345315881
176,Melvin Frazier,SG,25,-0.4,-16.4,-0.4,-0.4,0.349673203,0.027777778,0.292517007,0.054731883,0.488,0.96,-2.013941871,-1.302104009,-1.527844438,-1.360797033
