Rk,Player,Pos,Age,PER,BPM,VORP,WS,PTS,AST,TRB,MP,WLp,SRS,Trade Value,Predicted Trade Value
1.0,Precious Achiuwa,C,23.0,15.2,-2.3,-0.1,2.2,0.2779456193353474,0.0841121495327102,0.48,0.4028859527121001,0.5,1.59,0.054053371932237915,0.15922859988610472
2.0,Steven Adams,C,29.0,17.5,0.6,0.7,3.4,0.2598187311178248,0.2149532710280373,0.92,0.4026425591098748,0.622,3.6,0.559591860614557,0.3060738070687187
3.0,Bam Adebayo,C,25.0,20.1,1.5,2.3,7.4,0.6163141993957704,0.2990654205607477,0.736,0.914673157162726,0.537,-0.13,1.3744014173741539,1.3416301366056123
4.0,Ochai Agbaji,SG,22.0,9.5,-3.0,-0.3,1.3,0.2386706948640483,0.102803738317757,0.168,0.426808066759388,0.451,-1.03,-0.43364191897137877,-0.3949086698606844
5.0,Santi Aldama,PF,22.0,13.9,0.5,1.1,4.6,0.2719033232628399,0.1214953271028037,0.384,0.5917246175243394,0.622,3.6,0.4231514715424703,0.3052579494656031
6.0,Nickeil Alexander-Walker,SG,24.0,11.3,-1.25,0.0999999999999999,0.55,0.1842900302114803,0.1635514018691588,0.136,0.158240611961057,0.4815,-0.625,-0.3707494887495206,-0.2977295740135689
7.0,Grayson Allen,SG,27.0,12.3,0.1,1.0,5.1,0.3141993957703927,0.2149532710280373,0.264,0.6945062586926287,0.707,3.61,0.3567905421502866,0.37367886487497814
8.0,Jarrett Allen,C,24.0,19.9,2.4,2.4,9.5,0.43202416918429,0.1588785046728972,0.784,0.7825452016689847,0.622,5.23,1.5337089290064745,1.4340144019739636
9.0,Jose Alvarado,PG,24.0,11.8,-1.2,0.3,1.8,0.2719033232628399,0.2803738317757009,0.184,0.4622739916550765,0.512,1.63,-0.1112607311132208,0.12153417173618991
10.0,Kyle Anderson,PF,29.0,14.8,2.5,2.2,5.1,0.283987915407855,0.4579439252336449,0.424,0.6896383866481224,0.512,-0.22,0.7469395794168889,0.8556533961137951
11.0,Giannis Antetokounmpo,PF,28.0,29.0,8.5,5.4,8.6,0.9395770392749244,0.5327102803738318,0.944,0.714221140472879,0.707,3.61,2.575238031554634,2.4350865421513617
12.0,Thanasis Antetokounmpo,PF,30.0,6.7,-7.6,-0.3,0.1,0.0422960725075528,0.0373831775700934,0.096,0.0728789986091794,0.707,3.61,-0.9968046393761376,-0.7703086237633712
13.0,Cole Anthony,PG,22.0,16.0,1.3,1.3,3.7,0.3927492447129909,0.3644859813084112,0.384,0.5479485396383866,0.415,-2.39,0.5712159625099443,0.6869241010698645
14.0,OG Anunoby,SF,25.0,14.6,0.4,1.5,4.7,0.5075528700906344,0.1869158878504673,0.4,0.841307371349096,0.5,1.59,0.5813627345444607,0.46917959529114256
15.0,Ryan Arcidiacono,PG,28.0,2.85,-7.25,-0.15,-0.05,0.0438066465256797,0.116822429906542,0.064,0.0324408901251738,0.4875,-0.4849999999999999,-1.1549185430933926,-0.9799340582906031
16.0,Deni Avdija,SF,22.0,11.2,-2.3,-0.1,2.3,0.2779456193353474,0.2616822429906542,0.512,0.7109179415855355,0.427,-1.06,-0.04193672370731312,-0.014867827183456514
17.0,Deandre Ayton,C,24.0,19.9,0.9,1.5,6.2,0.5438066465256798,0.1588785046728972,0.8,0.7174547983310153,0.549,2.08,1.1089301687785806,1.0602812785416258
18.0,Udoka Azubuike,C,23.0,16.1,-0.6,0.1,1.0,0.1057401812688821,0.02803738317757,0.264,0.1276077885952712,0.451,-1.03,-0.08910627143706451,-0.15806057559223557
19.0,Marvin Bagley III,C,23.0,17.2,-0.9,0.3,2.0,0.3625377643504531,0.0841121495327102,0.512,0.3517385257301808,0.207,-7.73,0.2346987008385264,0.23097289756273984
20.0,Patrick Baldwin Jr.,SF,20.0,11.3,-2.1,0.0,0.1,0.1178247734138972,0.0373831775700934,0.104,0.0804242002781641,0.537,1.66,-0.49343853174552826,-0.42457852454623934
21.0,LaMelo Ball,PG,21.0,17.9,2.4,1.4,1.8,0.7039274924471299,0.7850467289719627,0.512,0.4524339360222531,0.329,-5.89,0.7417757876730313,0.5945863660827629
22.0,Mo Bamba,C,24.0,13.85,-2.1,0.25,1.1,0.1661631419939576,0.0700934579439252,0.368,0.1376564673157162,0.4695,-0.98,-0.1750000116032931,-0.11746552482253157
23.0,Paolo Banchero,PF,20.0,14.9,-1.5,0.3,2.4,0.6042296072507553,0.3457943925233645,0.552,0.855980528511822,0.415,-2.39,0.3450617827339513,0.2732239362678137
24.0,Desmond Bane,SG,24.0,19.1,3.5,2.5,5.8,0.6495468277945619,0.4112149532710281,0.4,0.650452016689847,0.622,3.6,1.1782674634485764,1.0524655557452671
25.0,Dalano Banton,PG,23.0,14.9,-0.5,0.1,0.4,0.1389728096676737,0.1121495327102803,0.12,0.0994436717663421,0.5,1.59,-0.21417411764345065,-0.19052024176561783
26.0,Dominick Barlow,PF,19.0,12.4,-4.6,-0.3,0.7,0.1178247734138972,0.0841121495327102,0.288,0.1462447844228094,0.268,-9.82,-0.41042560154937746,-0.38396965909668657
27.0,Harrison Barnes,PF,30.0,14.1,-1.0,0.7,6.5,0.4531722054380664,0.1495327102803738,0.36,0.9361961057023644,0.585,2.3,0.5685339711191009,0.7346714766733874
28.0,Scottie Barnes,SF,21.0,15.5,0.4,1.6,5.0,0.4622356495468278,0.4485981308411215,0.528,0.9425591098748262,0.5,1.59,0.7912572360877459,0.7533345461386323
29.0,RJ Barrett,SG,22.0,12.9,-3.1,-0.7,2.2,0.5921450151057402,0.2616822429906542,0.4,0.8716620305980529,0.573,2.99,0.015129219955506399,0.04005671063842807
30.0,Will Barton,SG,32.0,9.95,-2.6,-0.05,0.2,0.1842900302114803,0.1635514018691588,0.1759999999999999,0.1776425591098748,0.4635,0.265,-0.5609281985203841,-0.44671580009488915
31.0,Charles Bassey,C,22.0,18.8,0.6,0.3,1.3,0.1722054380664652,0.1214953271028037,0.44,0.1809805285118219,0.268,-9.82,0.22714491625124356,0.25590480275779376
32.0,Keita Bates-Diop,PF,27.0,14.9,-0.6,0.5,2.7,0.2930513595166162,0.1401869158878504,0.296,0.5117176634214187,0.268,-9.82,0.14909789164643153,0.12494653750366899
33.0,Nicolas Batum,PF,34.0,11.0,0.5,1.0,3.6,0.1842900302114803,0.1495327102803738,0.304,0.6011474269819194,0.537,0.31,0.06967465287640043,0.12410726239953308
34.0,Darius Bazley,C,22.0,14.2,-0.7,0.05,0.5,0.1419939577039274,0.0841121495327102,0.228,0.1105876216968011,0.5185,1.52,-0.22032189943314634,-0.19707074954978485
35.0,Bradley Beal,SG,29.0,19.7,1.8,1.6,3.4,0.7009063444108761,0.5046728971962617,0.312,0.592663421418637,0.427,-1.06,0.8205980695035161,0.8603314992292077
36.0,Malik Beasley,SG,26.0,10.6,-2.25,0.05,0.7,0.3700906344410876,0.1355140186915887,0.276,0.3719923504867871,0.4875,-0.3,-0.34436188868058737,-0.3754296225730315
37.0,MarJon Beauchamp,SF,22.0,8.2,-4.8,-0.5,0.4,0.1540785498489426,0.0654205607476635,0.176,0.2477399165507649,0.707,3.61,-0.7043066273271955,-0.6510886777537777
38.0,Dāvis Bertāns,PF,30.0,11.9,-1.2,0.1,0.9,0.1389728096676737,0.0467289719626168,0.096,0.1741655076495132,0.463,-0.14,-0.39240152746111456,-0.31959993865649333
39.0,Patrick Beverley,PG,34.0,10.1,-0.2,0.3,1.2,0.175226586102719,0.3271028037383178,0.392,0.2192280945757997,0.488,1.37,-0.2564167922003392,-0.21444637293951094
39.0,Patrick Beverley,SG,34.0,8.3,-1.8,0.1,1.8,0.1933534743202417,0.2429906542056075,0.248,0.4297287899860918,0.524,0.43,-0.39164296519743724,-0.39584622810919656
40.0,Saddiq Bey,SF,23.0,14.75,-0.0999999999999999,0.45,1.95,0.3987915407854984,0.1401869158878504,0.38,0.3788247566063977,0.3535,-3.705,0.13864445021850447,0.19204692558883865
41.0,Khem Birch,C,30.0,9.4,-3.5,-0.1,0.2,0.066465256797583,0.0373831775700934,0.104,0.0584492350486787,0.5,1.59,-0.7016804697935494,-0.588015415550428
42.0,Goga Bitadze,C,23.0,16.8,0.0999999999999999,0.1,0.7,0.1374622356495468,0.0981308411214952,0.3,0.0830319888734353,0.421,-2.6500000000000004,-0.029735816742588454,-0.050983595482841315
43.0,Bismack Biyombo,C,30.0,14.4,-0.9,0.2,1.9,0.1299093655589124,0.0841121495327102,0.344,0.3081710709318497,0.549,2.08,-0.06649687295053708,0.0041508975103325685
44.0,Buddy Boeheim,SF,23.0,0.5,-9.5,-0.2,-0.2,0.0483383685800604,0.0373831775700934,0.048,0.0337273991655076,0.207,-7.73,-1.356024205827636,-1.1481971451480562
45.0,Bogdan Bogdanović,SG,30.0,14.2,0.5,0.9,2.8,0.4229607250755287,0.2616822429906542,0.248,0.533344923504868,0.5,0.32,0.22945058428931767,0.2394722484305219
46.0,Bojan Bogdanović,PF,33.0,17.4,0.8,1.4,3.5,0.6525679758308157,0.2429906542056075,0.304,0.6686717663421419,0.207,-7.73,0.5668683460864756,0.6498575465916754
47.0,Bol Bol,PF,23.0,14.4,-0.9,0.4,2.3,0.2749244712990936,0.0934579439252336,0.4639999999999999,0.530076495132128,0.415,-2.39,0.11978228291148618,0.14240442598141784
48.0,Leandro Bolmaro,SF,22.0,-5.0,-14.7,-0.2,-0.3,0.0120845921450151,0.0467289719626168,0.04,0.0246522948539638,0.451,-1.03,-1.8027452188851767,-1.5435031537655788
49.0,Devin Booker,SG,26.0,22.0,4.2,2.9,6.0,0.8398791540785498,0.5140186915887851,0.36,0.6493741307371349,0.549,2.08,1.4477531933010575,1.3548655650067656
50.0,Brandon Boston Jr.,SF,21.0,13.4,-2.2,0.0,0.2,0.1963746223564954,0.0841121495327102,0.1119999999999999,0.0894645340751043,0.537,0.31,-0.3548562960222305,-0.27150635208475227
51.0,Chris Boucher,PF,30.0,18.0,-0.1,0.7,5.0,0.283987915407855,0.0373831775700934,0.44,0.5358136300417247,0.5,1.59,0.5544152698417629,0.5874889894595967
52.0,James Bouknight,SG,22.0,6.2,-6.5,-0.6,-0.4,0.1691842900302114,0.1121495327102803,0.168,0.1836230876216968,0.329,-5.89,-0.9348865333437673,-0.7928724786596694
53.0,Jamaree Bouyea,PG,23.0,0.4499999999999997,-10.35,0.0,0.0,0.0574018126888217,0.0467289719626168,0.092,0.0155250347705145,0.482,-0.595,-1.3335791420688066,-1.1459843371288443
54.0,Tony Bradley,C,25.0,21.7,4.9,0.1,0.2,0.0483383685800604,0.0093457943925233,0.072,0.0117524339360222,0.488,1.37,0.1872899951385977,0.30094888538117803
55.0,Malaki Branham,SG,19.0,9.5,-5.2,-1.3,-0.1,0.3081570996978852,0.1775700934579439,0.216,0.5464186369958275,0.268,-9.82,-0.6481391043813709,-0.506766845882648
56.0,Jarrell Brantley,PF,26.0,18.5,3.5,0.1,0.1,0.1661631419939577,0.0747663551401869,0.12,0.0162726008344923,0.451,-1.03,0.03022534995344585,0.04438511130360311
57.0,Christian Braun,SG,21.0,10.3,-2.4,-0.1,1.9,0.1419939577039275,0.0747663551401869,0.192,0.4153337969401947,0.646,3.04,-0.3188947735815048,-0.21052630186486718
58.0,Mikal Bridges,SF,26.0,14.8,1.0,1.6,4.9,0.5196374622356495,0.3364485981308411,0.344,0.7212795549374131,0.549,2.08,0.6511161415675445,0.7533345461386323
58.0,Mikal Bridges,SG,26.0,21.3,3.3,1.2,2.5,0.7885196374622356,0.2523364485981308,0.36,0.3321279554937413,0.549,1.03,0.7825551130937125,0.9287956609572479
59.0,Oshae Brissett,PF,24.0,10.6,-3.2,-0.3,1.1,0.1842900302114803,0.0654205607476635,0.272,0.3816759388038943,0.427,-2.91,-0.4168736788403224,-0.29524370153560464
60.0,Malcolm Brogdon,PG,30.0,18.2,2.8,2.1,5.8,0.4501510574018126,0.3457943925233645,0.336,0.6147426981919333,0.695,6.38,0.95709403403893,0.9796239984078694
61.0,Dillon Brooks,SF,27.0,9.4,-3.9,-1.1,1.6,0.43202416918429,0.2429906542056075,0.264,0.7796592489568847,0.622,3.6,-0.3921902412374158,-0.35439725960331897
62.0,Bruce Brown,SF,26.0,13.3,-0.5,0.9,4.3,0.3474320241691843,0.3177570093457944,0.3279999999999999,0.8019819193324061,0.646,3.04,0.36785466766627406,0.4268968879484612
63.0,Greg Brown III,PF,21.0,5.8,-8.5,-0.2,-0.1,0.0543806646525679,0.0186915887850467,0.096,0.0336578581363004,0.402,-3.96,-1.0339833147804387,-0.8476479591093762
64.0,Jaylen Brown,SF,26.0,19.1,1.3,2.0,5.0,0.8036253776435045,0.3271028037383178,0.552,0.8480180806675939,0.695,6.38,1.047718043374292,0.9757794992453754
65.0,Kendall Brown,SG,19.0,9.1,-2.9,0.0,0.1,0.0453172205438066,0.0467289719626168,0.08,0.0155424200278164,0.427,-2.91,-0.647660413851549,-0.5349559867536897
66.0,Moses Brown,C,23.0,10.05,-5.15,0.05,0.55,0.0694864048338368,0.0046728971962616,0.1639999999999999,0.0524165507649513,0.543,0.67,-0.6264819941325837,-0.5597089434205107
67.0,Sterling Brown,SF,27.0,7.0,-3.3,0.0,0.0,0.0,0.0467289719626168,0.16,0.0097357440890125,0.524,0.43,-0.8095717697937251,-0.6607319564511791
68.0,Troy Brown Jr.,SF,23.0,9.6,-1.0,0.5,2.9,0.2145015105740181,0.1214953271028037,0.3279999999999999,0.6545549374130737,0.524,0.43,-0.08322756313416368,-0.11478448517059871
69.0,Jalen Brunson,PG,26.0,21.2,3.9,3.5,8.7,0.7250755287009063,0.5794392523364487,0.28,0.8386648122392212,0.573,2.99,1.7027099546747644,1.6164132471769204
70.0,Thomas Bryant,C,25.0,16.65,-2.15,0.35,2.05,0.2522658610271903,0.0373831775700934,0.404,0.1929415855354659,0.585,1.735,0.08362898644042693,0.10798717814426526
71.0,Reggie Bullock,SF,31.0,7.7,-2.6,-0.4,2.8,0.2175226586102719,0.1308411214953271,0.288,0.8318150208623089,0.463,-0.14,-0.3512616579580664,-0.21059510281438895
72.0,Alec Burks,SG,31.0,16.5,1.2,0.9,2.5,0.3867069486404834,0.205607476635514,0.248,0.3970792767732962,0.207,-7.73,0.2926692298357119,0.27848820413394965
73.0,Deonte Burton,PF,29.0,-12.6,-24.2,0.0,0.0,0.0,0.0,0.0,0.0024339360222531,0.585,2.3,-2.497324009621665,-2.056796144811154
74.0,Jared Butler,PG,22.0,13.0,-2.6,0.0,0.1,0.1873111782477341,0.1214953271028037,0.0559999999999999,0.0305285118219749,0.488,0.96,-0.4148579740919494,-0.2840461363297938
75.0,Jimmy Butler,PF,33.0,27.6,8.7,5.8,12.3,0.6918429003021147,0.4953271028037383,0.472,0.7543115438108484,0.537,-0.13,2.6911031161418872,2.5678880748674207
76.0,John Butler,C,20.0,5.7,-6.2,-0.2,0.0,0.0725075528700906,0.0560747663551401,0.072,0.0801808066759388,0.402,-3.96,-0.9383758398122867,-0.8533094931837868
77.0,Jamal Cain,PF,23.0,16.5,0.8,0.2,0.8,0.1631419939577039,0.0654205607476635,0.2319999999999999,0.0873783031988873,0.537,-0.13,-0.02471619144320724,-0.008321103266421947
78.0,Kentavious Caldwell-Pope,SG,29.0,11.5,-1.0,0.6,4.5,0.3262839879154078,0.2242990654205607,0.216,0.8380737134909597,0.646,3.04,0.18313655822319314,0.10053490481452286
79.0,Facundo Campazzo,PG,31.0,7.8,-1.2,0.0,0.0,0.039274924471299,0.102803738317757,0.024,0.0196453407510431,0.463,-0.14,-0.7381623212870255,-0.6353163472469538
80.0,Vlatko Čančar,PF,25.0,11.0,-1.8,0.0,1.7,0.1510574018126888,0.1214953271028037,0.168,0.3135605006954102,0.646,3.04,-0.30056276113464697,-0.23782034978566907
81.0,Clint Capela,C,28.0,22.1,2.2,1.8,7.2,0.3625377643504531,0.0841121495327102,0.88,0.6100834492350486,0.5,0.32,1.30681930775367,1.3427170707951777
82.0,Vernon Carey Jr.,C,21.0,10.8,-5.0,0.0,0.0,0.0151057401812688,0.02803738317757,0.08,0.0099095966620305,0.427,-1.06,-0.6649888026927042,-0.5104724791334431
83.0,Jevon Carter,PG,27.0,10.9,-0.6,0.6,3.5,0.2416918429003021,0.2242990654205607,0.2,0.6364047287899861,0.707,3.61,0.03664836199707288,0.06391980494447819
84.0,Wendell Carter Jr.,C,23.0,17.3,1.0,1.3,4.6,0.4592145015105739,0.2149532710280373,0.696,0.5972183588317107,0.415,-2.39,0.7717079839714649,0.6467433202574143
85.0,Michael Carter-Williams,PG,31.0,9.0,-6.3,0.0,0.0,0.1299093655589124,0.1682242990654205,0.104,0.0184283727399165,0.415,-2.39,-0.77893930420638,-0.5647631998321895
86.0,Alex Caruso,PG,28.0,11.5,1.1,1.2,3.6,0.1691842900302114,0.2710280373831776,0.2319999999999999,0.5551112656467315,0.488,1.37,0.17136760550503002,0.12410726239953308
87.0,Julian Champagnie,SF,21.0,5.0,-8.25,-0.05,0.2,0.1661631419939577,0.0327102803738317,0.16,0.0591794158553546,0.4635,-2.725,-0.9727469137078858,-0.9284464829061534
88.0,Justin Champagnie,SF,21.0,15.2,-3.7,-0.05,0.0,0.0679758308157099,0.0841121495327102,0.132,0.0078581363004172,0.5974999999999999,3.985,-0.3706086105036169,-0.3906046027675155
89.0,Kennedy Chandler,PG,20.0,10.6,-2.7,0.0,0.3,0.066465256797583,0.1495327102803738,0.088,0.099721835883171,0.622,3.6,-0.5109418023490903,-0.49225763462200234
90.0,Max Christie,SG,19.0,7.4,-3.1,-0.1,0.6,0.093655589123867,0.0467289719626168,0.144,0.1816759388038943,0.524,0.43,-0.6529015070870364,-0.6472038070624886
91.0,Josh Christopher,SG,21.0,11.5,-4.3,-0.5,0.0,0.175226586102719,0.102803738317757,0.088,0.2768776077885952,0.268,-7.62,-0.5663028207774653,-0.5235456170205126
92.0,Brandon Clarke,PF,26.0,20.0,2.5,1.3,4.5,0.3021148036253776,0.1214953271028037,0.44,0.3850834492350486,0.622,3.6,0.773222254720898,0.6652160003134512
93.0,Jordan Clarkson,SG,30.0,14.7,-1.4,0.3,1.7,0.6283987915407855,0.4112149532710281,0.32,0.7018776077885952,0.451,-1.03,0.15901470775747328,0.28461643900558037
94.0,Nic Claxton,C,23.0,20.8,3.1,2.9,9.2,0.3806646525679758,0.1775700934579439,0.736,0.7993393602225313,0.549,1.03,1.599601639419772,1.5855826781095017
95.0,Amir Coffey,SF,25.0,7.0,-5.0,-0.5,0.4,0.1027190332326283,0.102803738317757,0.088,0.2209666203059805,0.537,0.31,-0.8149029837168154,-0.6317134316440701
96.0,John Collins,PF,25.0,13.6,-1.3,0.4,4.2,0.3957703927492447,0.1121495327102803,0.52,0.7503477051460362,0.5,0.32,0.3130496494285062,0.42621134841678127
97.0,Zach Collins,C,25.0,16.4,-0.2,0.6,2.2,0.350453172205438,0.2710280373831776,0.512,0.5083101529902643,0.268,-9.82,0.31330856849360594,0.2594113639188188
98.0,Chance Comanche,C,26.0,12.2,-7.5,0.0,0.0,0.2114803625377643,0.0,0.24,0.0139082058414464,0.402,-3.96,-0.6214211121093661,-0.5134221136312871
99.0,Mike Conley,PG,35.0,15.0,1.1,0.7,2.75,0.3731117824773413,0.5934579439252337,0.224,0.362673852573018,0.4815,-0.625,0.29468578703500015,0.2125809835295653
100.0,Pat Connaughton,SF,30.0,10.0,-1.0,0.3,2.5,0.2296072507552869,0.1214953271028037,0.368,0.5092837273991655,0.707,3.61,-0.15915486910522117,-0.11478448517059871
101.0,Xavier Cooks,PF,27.0,14.3,-3.6,-0.1,0.2,0.1148036253776434,0.0560747663551401,0.304,0.0474965229485396,0.427,-1.06,-0.37769072439805396,-0.2569020381587234
102.0,Robert Covington,PF,32.0,14.2,1.7,0.7,1.9,0.1812688821752265,0.1121495327102803,0.28,0.2757997218358832,0.537,0.31,0.03636985642720449,0.07792131290974945
103.0,Torrey Craig,PF,32.0,11.6,-0.6,0.7,4.0,0.2235649546827794,0.1401869158878504,0.432,0.6852225312934631,0.549,2.08,0.13888803858095408,0.3259021804587106
104.0,Jae Crowder,PF,32.0,14.6,1.2,0.3,1.2,0.2084592145015106,0.1401869158878504,0.304,0.1240959666203059,0.707,3.61,-0.0554662517116246,0.04766990795052649
105.0,Jarrett Culver,SF,23.0,9.5,-4.2,-0.1,0.0,0.1329305135951661,0.0560747663551401,0.304,0.0517037552155771,0.5,0.32,-0.6237124875887525,-0.5342185791289124
106.0,Cade Cunningham,PG,21.0,14.0,-0.7,0.1,-0.1,0.6012084592145014,0.5607476635514019,0.496,0.1499652294853964,0.207,-7.73,0.03761431067509258,-0.04945054442336978
107.0,Seth Curry,SG,32.0,12.3,-2.1,0.0,1.8,0.2779456193353474,0.1495327102803738,0.128,0.4272948539638387,0.549,1.03,-0.2396589561865589,-0.05207521732657366
108.0,Stephen Curry,PG,34.0,24.1,7.5,4.7,7.8,0.8882175226586102,0.588785046728972,0.488,0.6862656467315716,0.537,1.66,2.0084522338587445,1.643683357409739
109.0,Dyson Daniels,PG,19.0,8.8,-1.8,0.0,1.3,0.1148036253776434,0.2149532710280373,0.256,0.3677677329624478,0.512,1.63,-0.3677769967805746,-0.3689923005320831
110.0,Anthony Davis,C,29.0,27.8,6.3,4.0,9.0,0.782477341389728,0.2429906542056075,1.0,0.6731571627260083,0.524,0.43,2.256435224251321,1.9886951183849224
111.0,Johnny Davis,SG,20.0,7.2,-7.4,-0.6,-0.3,0.175226586102719,0.0934579439252336,0.184,0.1516342141863699,0.427,-1.06,-0.8948949194903804,-0.7013494252202155
112.0,Terence Davis,SG,25.0,12.9,-1.5,0.1,0.9,0.202416918429003,0.0934579439252336,0.176,0.2962795549374131,0.585,2.3,-0.2635045407800205,-0.1864122393299403
113.0,JD Davison,SG,20.0,10.1,-4.2,0.0,0.1,0.0483383685800604,0.0841121495327102,0.064,0.0241655076495132,0.695,6.38,-0.6379677928841839,-0.5104724791334431
114.0,Darius Days,SF,23.0,18.3,3.5,0.0,0.1,0.1148036253776434,0.02803738317757,0.12,0.0101877607788595,0.268,-7.62,0.0036588157350314343,0.03376720024959748
115.0,Dewayne Dedmon,C,33.0,15.55,-1.25,0.0,0.5,0.1389728096676736,0.0841121495327102,0.268,0.0770514603616133,0.5980000000000001,2.12,-0.2325958264776561,-0.29439406755328945
116.0,Matthew Dellavedova,PG,32.0,6.7,-5.2,-0.2,0.1,0.0453172205438066,0.1214953271028037,0.032,0.0756954102920723,0.585,2.3,-0.9173637693173637,-0.708118758733975
117.0,DeMar DeRozan,SF,33.0,20.6,2.0,2.6,8.5,0.7401812688821752,0.4766355140186916,0.368,0.9444367176634214,0.488,1.37,1.4849995793312112,1.424330105801019
118.0,Moussa Diabaté,C,21.0,14.2,-2.8,0.0,0.4,0.0815709969788519,0.0186915887850467,0.184,0.0702016689847009,0.537,0.31,-0.34273942576798977,-0.268952813000345
119.0,Mamadi Diakite,C,26.0,9.0,-3.4,-0.1,0.2,0.0785498489425981,0.0373831775700934,0.1119999999999999,0.0632823365785813,0.622,5.23,-0.6893961053032236,-0.588015415550428
120.0,Hamidou Diallo,SF,24.0,15.7,-1.4,0.1,1.3,0.2809667673716012,0.0934579439252336,0.28,0.351808066759388,0.207,-7.73,-0.02599287532862577,-0.0650572598162364
121.0,Gorgui Dieng,C,33.0,9.9,-3.9,-0.2,0.0,0.1178247734138972,0.1588785046728972,0.28,0.1277816411682893,0.268,-9.82,-0.6363834450913464,-0.5438647470791264
122.0,Ousmane Dieng,PF,19.0,9.3,-3.6,-0.2,0.4,0.148036253776435,0.1121495327102803,0.216,0.2022253129346314,0.488,0.96,-0.5515767251050427,-0.41087518795424555
123.0,Spencer Dinwiddie,PG,29.0,15.8,0.2,0.5,2.0,0.498489425981873,0.8504672897196262,0.3279999999999999,0.3304242002781641,0.549,1.03,0.3752585066712748,0.32472089356596695
123.0,Spencer Dinwiddie,SG,29.0,16.1,0.9,1.3,4.3,0.5347432024169184,0.4953271028037383,0.248,0.6398122392211404,0.463,-0.14,0.6239508039776017,0.7514948769998875
124.0,Donte DiVincenzo,SG,26.0,12.8,0.7,1.3,4.2,0.283987915407855,0.3271028037383178,0.36,0.6670027816411682,0.537,1.66,0.38919589939585586,0.34743916712270434
125.0,Luka Dončić,PG,23.0,28.7,8.9,6.6,10.2,0.9788519637462236,0.7476635514018692,0.688,0.8432545201668984,0.463,-0.14,2.8733178495549603,2.789748990871371
126.0,Tyler Dorsey,SF,26.0,45.5,17.8,0.0,0.1,0.0906344410876132,0.0,0.0559999999999999,0.0030250347705146,0.463,-0.14,1.738974225931761,1.6031654345218929
127.0,Luguentz Dort,SF,23.0,11.3,-3.0,-0.6,2.9,0.4138972809667673,0.1962616822429906,0.368,0.7999652294853963,0.488,0.96,-0.06391124811671448,0.012172996582340508
128.0,Ayo Dosunmu,SG,23.0,10.2,-2.5,-0.2,2.9,0.2598187311178248,0.2429906542056075,0.2239999999999999,0.7378998609179416,0.488,1.37,-0.1365489372097993,-0.16044817727559316
129.0,Devon Dotson,PG,23.0,4.8,-5.3,0.0,0.0,0.0151057401812688,0.1214953271028037,0.136,0.0207927677329624,0.427,-1.06,-0.9384589683892347,-0.7750019587927627
130.0,Jeff Dowtin,PG,25.0,9.9,-1.9,0.0,0.4,0.0725075528700906,0.1121495327102803,0.072,0.0929763560500695,0.5,1.59,-0.5529224196787733,-0.49225763462200234
131.0,PJ Dozier,SF,26.0,5.2,-7.8,-0.1,-0.2,0.0422960725075528,0.0560747663551401,0.072,0.0284770514603616,0.585,2.3,-1.0713659527141364,-0.8699104037414185
132.0,Goran Dragić,PG,36.0,10.8,-4.45,-0.2,0.25,0.1812688821752265,0.2056074766355139,0.1239999999999999,0.1553025034770514,0.5974999999999999,2.49,-0.6136276637508763,-0.5276046242141536
133.0,Andre Drummond,C,29.0,20.8,-0.8,0.3,2.8,0.1812688821752265,0.0467289719626168,0.528,0.2989221140472879,0.488,1.37,0.40445207684890555,0.2425089959270039
134.0,Chris Duarte,SF,25.0,8.6,-4.5,-0.6,0.0,0.2386706948640483,0.1308411214953271,0.2,0.3179763560500695,0.427,-2.91,-0.6898265591300675,-0.6104016383976792
135.0,David Duke Jr.,SG,23.0,8.3,-7.3,-0.3,-0.1,0.1117824773413897,0.0841121495327102,0.104,0.0820236439499304,0.549,1.03,-0.8554933956189983,-0.8167134105294716
136.0,Kris Dunn,PG,28.0,19.1,2.4,0.6,1.9,0.3987915407854984,0.5233644859813084,0.36,0.2057719054242002,0.451,-1.03,0.4943846407866002,0.4322829831744066
137.0,Kevin Durant,PF,34.0,25.25,7.5,1.95,3.4000000000000004,0.8413897280966767,0.4112149532710281,0.524,0.3020862308762169,0.549,1.5550000000000002,1.3124934086907436,1.280255181165359
138.0,Jalen Duren,C,19.0,17.3,-0.8,0.5,4.5,0.2749244712990936,0.102803738317757,0.7120000000000001,0.5886300417246175,0.207,-7.73,0.5890215045919475,0.4422634757481473
139.0,Tari Eason,PF,21.0,15.2,-1.7,0.1,2.6,0.2809667673716012,0.102803738317757,0.48,0.6211752433936022,0.268,-7.62,0.1660445315058063,0.15922859988610472
140.0,Anthony Edwards,SG,21.0,17.4,1.0,2.1,3.8,0.743202416918429,0.4112149532710281,0.4639999999999999,1.0,0.512,-0.22,0.8718159756717905,0.9921856355471322
141.0,Kessler Edwards,SF,22.0,6.2,-6.1,-0.1,0.1999999999999999,0.0755287009063443,0.0514018691588784,0.124,0.0696279554937412,0.567,1.665,-0.8815999090249442,-0.7695850045701697
142.0,Keon Ellis,SG,23.0,14.0,1.3,0.1,0.2,0.0453172205438066,0.0373831775700934,0.04,0.0255215577190542,0.585,2.3,-0.29240490570443134,-0.24941442167792116
143.0,Joel Embiid,C,28.0,31.4,9.2,6.4,12.3,1.0,0.3925233644859813,0.816,0.8054937413073713,0.659,4.37,3.115572142218235,2.5757053761497852
144.0,Drew Eubanks,C,25.0,16.2,0.1,0.8,4.4,0.1993957703927492,0.1214953271028037,0.432,0.5571279554937413,0.402,-3.96,0.45308547627463236,0.457752179689282
145.0,Bruno Fernando,C,24.0,18.1,-3.35,0.0,0.45,0.1132930513595165,0.0514018691588784,0.2319999999999999,0.072635605006954,0.384,-3.65,-0.15166732024642463,-0.20071178051814215
146.0,Dorian Finney-Smith,PF,29.0,8.85,-2.4000000000000004,0.0,1.05,0.2462235649546827,0.1448598130841121,0.384,0.3589881780250348,0.506,0.445,-0.42124123257454926,-0.4070881632330459
147.0,Malachi Flynn,PG,24.0,8.7,-4.1,-0.4,0.5,0.1389728096676737,0.1214953271028037,0.1119999999999999,0.2440890125173852,0.5,1.59,-0.6566948589354268,-0.5131688726883089
148.0,Simone Fontecchio,SF,27.0,8.0,-5.2,-0.6,-0.1,0.1903323262839879,0.0747663551401869,0.136,0.2707579972183588,0.451,-1.03,-0.811218088213512,-0.6994351084322387
149.0,Bryn Forbes,SG,29.0,6.2,-6.3,-0.3,0.0,0.1087613293051359,0.0654205607476635,0.048,0.0962100139082058,0.512,-0.22,-0.971553458934122,-0.79044249169502
150.0,Trent Forrest,SG,24.0,6.1,-5.1,-0.2,-0.1,0.0694864048338368,0.1588785046728972,0.128,0.0997913769123783,0.5,0.32,-0.8729310444683025,-0.7441184691974209
151.0,Michael Foster Jr.,PF,20.0,0.0,-9.2,0.0,0.0,0.0,0.0,0.0,0.0,0.659,4.37,-1.3546675791561975,-1.2208076853845589
152.0,Evan Fournier,SG,30.0,6.9,-4.0,-0.2,0.1,0.1842900302114803,0.1214953271028037,0.144,0.1648122392211404,0.573,2.99,-0.7868111926035551,-0.5952809371717128
153.0,De'Aaron Fox,PG,25.0,21.8,2.5,2.7,7.4,0.755287009063444,0.5700934579439252,0.336,0.8575799721835884,0.585,2.3,1.5187744575450985,1.4462714709572604
154.0,Markelle Fultz,PG,24.0,16.6,0.5,1.2,3.7,0.4229607250755287,0.5327102803738318,0.312,0.6278164116828929,0.415,-2.39,0.5965541366213426,0.5941267788194976
155.0,Wenyen Gabriel,C,25.0,14.4,-2.2,-0.1,2.8,0.1661631419939577,0.0467289719626168,0.336,0.3606050069541029,0.524,0.43,-0.013731982896227565,0.02058097238904655
156.0,Daniel Gafford,C,24.0,19.7,1.0,1.2,6.1,0.2719033232628399,0.102803738317757,0.4479999999999999,0.5641863699582753,0.427,-1.06,0.878279771135941,0.8658367183607787
157.0,Darius Garland,PG,23.0,18.8,2.4,2.7,7.6,0.6525679758308157,0.7289719626168225,0.216,0.8624826147426982,0.622,5.23,1.3872601006612728,1.3082605175420579
158.0,Usman Garuba,C,20.0,12.9,-1.4,0.2,1.8,0.0906344410876132,0.0841121495327102,0.3279999999999999,0.3410639777468706,0.268,-7.62,-0.1184203263593263,-0.11625008114014972
159.0,Luka Garza,C,24.0,23.0,-0.4,0.1,1.1,0.1963746223564954,0.0560747663551401,0.184,0.0868219749652294,0.512,-0.22,0.2640053842509543,0.1834345332192264
160.0,Rudy Gay,PF,36.0,9.0,-4.0,-0.4,0.3,0.1570996978851963,0.0934579439252336,0.2319999999999999,0.2881084840055632,0.451,-1.03,-0.6957388643577399,-0.5666182349018919
161.0,Paul George,SF,32.0,19.6,2.8,2.3,4.6,0.7190332326283988,0.4766355140186916,0.488,0.6855354659248957,0.537,0.31,1.0598127965320236,0.9522749418380231
162.0,Taj Gibson,C,37.0,11.4,-3.2,-0.1,0.8,0.1027190332326283,0.0654205607476635,0.152,0.1696105702364395,0.427,-1.06,-0.5364221063076848,-0.3751459299049241
163.0,Josh Giddey,PF,20.0,17.1,1.2,1.9,4.0,0.5015105740181269,0.5794392523364487,0.632,0.8331363004172462,0.488,0.96,0.8908513944507165,0.9921856355471322
164.0,Shai Gilgeous-Alexander,PG,24.0,27.2,7.3,5.6,11.4,0.9486404833836856,0.5140186915887851,0.384,0.8517037552155772,0.488,0.96,2.625442430835093,2.5700038050912295
165.0,Anthony Gill,PF,30.0,11.1,-3.3,-0.2,1.3,0.0996978851963746,0.0560747663551401,0.136,0.2199582753824756,0.427,-1.06,-0.4756897667554655,-0.31030121609354305
166.0,Jacob Gilyard,PG,24.0,7.3,-6.1,0.0,0.1,0.0906344410876132,0.6542056074766356,0.32,0.0278164116828929,0.622,3.6,-0.6221715930552092,-0.6905867736406562
167.0,Rudy Gobert,C,30.0,18.9,0.7,1.4,7.8,0.404833836858006,0.1121495327102803,0.928,0.7568497913769123,0.512,-0.22,1.1602757774046497,1.0383561414427238
168.0,Jordan Goodwin,PG,24.0,14.8,0.7,0.8,2.2,0.1993957703927492,0.2523364485981308,0.264,0.3900556328233657,0.427,-1.06,0.1675813326111728,0.25437928872428395
169.0,Aaron Gordon,PF,27.0,19.5,2.1,2.1,6.8,0.4924471299093655,0.2803738317757009,0.528,0.7243393602225312,0.646,3.04,1.1685352140996046,1.141106666388235
170.0,Eric Gordon,SG,34.0,12.25,-1.3,0.0499999999999999,1.15,0.3640483383685801,0.233644859813084,0.152,0.3505041724617525,0.4025,-3.655,-0.24506395585737326,-0.14193946003635166
171.0,Devonte' Graham,PG,27.0,12.7,-0.1,0.3,1.3,0.2764350453172205,0.2897196261682243,0.1559999999999999,0.2391689847009735,0.39,-4.095000000000001,-0.1227601854926186,-0.18555397378156752
172.0,Jerami Grant,PF,28.0,16.0,-0.2,1.0,4.1,0.6193353474320241,0.2242990654205607,0.36,0.7926634214186369,0.402,-3.96,0.5341416458007863,0.5362206476694893
173.0,RaiQuan Gray,PF,23.0,15.5,-2.0,0.0,0.1,0.4833836858006042,0.6542056074766356,0.72,0.0236439499304589,0.549,1.03,0.11638318299624914,-0.1844767452903069
174.0,A.J. Green,SG,23.0,11.5,-0.9,0.1,0.8,0.1329305135951661,0.0560747663551401,0.104,0.1227051460361613,0.707,3.61,-0.37297244755073355,-0.3381058767828535
175.0,Danny Green,SG,35.0,7.800000000000001,-3.8,0.0,0.05,0.1435045317220543,0.0560747663551401,0.104,0.0278511821974965,0.622,4.415,-0.8040339334337387,-0.6916331808378297
176.0,Draymond Green,PF,32.0,12.2,0.8,1.6,4.7,0.2567975830815709,0.6355140186915889,0.5760000000000001,0.8089360222531293,0.537,1.66,0.5516846420669017,0.2526490994264176
177.0,Jalen Green,SG,20.0,14.5,-2.1,0.0,1.8,0.6676737160120846,0.3457943925233645,0.296,0.915924895688456,0.268,-7.62,0.1735137896824664,0.11142404144766825
178.0,JaMychal Green,PF,32.0,15.5,-0.5,0.3,2.2,0.1933534743202417,0.0841121495327102,0.288,0.2812934631432545,0.537,1.66,0.024466591342773437,0.14810680518150168
179.0,Javonte Green,SF,29.0,14.5,1.4,0.4,1.4,0.1570996978851963,0.0654205607476635,0.2239999999999999,0.1714186369958275,0.488,1.37,-0.058648704000110505,-0.030645143082316993
180.0,Jeff Green,PF,36.0,11.0,-3.4,-0.4,1.7,0.2356495468277945,0.1121495327102803,0.208,0.3854311543810848,0.646,3.04,-0.4139840202762817,-0.31030121609354305
181.0,Josh Green,SG,22.0,11.2,-2.4,-0.2,2.6,0.2749244712990936,0.1588785046728972,0.24,0.5433588317107093,0.463,-0.14,-0.1404859914506076,-0.05912525638128514
182.0,AJ Griffin,SF,19.0,12.6,-0.8,0.4,2.2,0.2688821752265861,0.0934579439252336,0.168,0.4932197496522948,0.5,0.32,-0.036073081927592815,-0.07679616968513925
183.0,Blake Griffin,C,33.0,13.1,0.1,0.3,1.8,0.1238670694864048,0.1401869158878504,0.304,0.2019819193324061,0.695,6.38,-0.12360601047508848,-0.05333619013514347
184.0,Quentin Grimes,SG,22.0,11.7,-0.1,1.0,4.8,0.3413897280966767,0.1962616822429906,0.256,0.7471835883171071,0.573,2.99,0.3242709499397397,0.2583350221557026
185.0,Rui Hachimura,PF,24.0,13.15,-2.25,-0.05,0.8999999999999999,0.3413897280966766,0.0887850467289719,0.36,0.2622913769123782,0.4755,-0.315,-0.2031664130350286,-0.1817717162215817
186.0,Tyrese Haliburton,PG,22.0,23.6,7.2,4.4,7.6,0.6253776435045316,0.97196261682243,0.296,0.6657162726008344,0.427,-2.91,1.988024837070366,1.8274917718164694
187.0,Jordan Hall,SF,21.0,5.5,-7.6,-0.1,-0.1,0.093655589123867,0.1121495327102803,0.104,0.0313630041724617,0.268,-9.82,-0.9747280267174624,-0.8297094541765689
188.0,R.J. Hampton,SG,21.0,10.9,-2.8000000000000003,-0.05,0.35,0.1963746223564954,0.1074766355140186,0.152,0.1353268428372739,0.311,-5.0600000000000005,-0.4645060486412702,-0.4362875604200171
189.0,Tim Hardaway Jr.,SF,30.0,12.1,-1.8,0.1,2.3,0.4350453172205438,0.1682242990654205,0.28,0.7581015299026426,0.463,-0.14,-0.057772388485365034,0.11814436617527485
190.0,James Harden,PG,33.0,21.6,5.4,4.0,8.4,0.634441087613293,1.0,0.488,0.7544506258692629,0.659,4.37,1.8839199211211193,1.553729595815944
191.0,Jaden Hardy,SG,20.0,14.6,-2.3,0.0,0.7,0.2658610271903323,0.1308411214953271,0.152,0.250625869262865,0.463,-0.14,-0.18945074172160314,0.002705465761907149
192.0,Ron Harper Jr.,PF,22.0,15.7,1.2,0.0,0.2,0.066465256797583,0.0373831775700934,0.064,0.017837273991655,0.5,1.59,-0.20400227691111592,-0.181899922919893
193.0,Montrezl Harrell,C,29.0,17.6,-1.3,0.1,2.2,0.1691842900302114,0.0560747663551401,0.2239999999999999,0.2402294853963838,0.659,4.37,0.06842425910230389,0.08248165640279065
194.0,Gary Harris,SG,28.0,10.5,-0.7,0.4,2.3,0.2507552870090634,0.1121495327102803,0.16,0.4195757997218359,0.415,-2.39,-0.18606984615376213,-0.15547252786334487
195.0,Joe Harris,SF,31.0,10.6,-1.1,0.3,2.6,0.2296072507552869,0.1308411214953271,0.176,0.5374130737134909,0.549,1.03,-0.17532164737943323,-0.12498312426088261
196.0,Kevon Harris,SG,25.0,9.2,-3.6,-0.2,0.6,0.1238670694864048,0.0467289719626168,0.168,0.1628650904033379,0.415,-2.39,-0.611703904616234,-0.5046751842177924
197.0,Tobias Harris,SF,30.0,14.8,0.7,1.7,5.9,0.4441087613293051,0.2336448598130841,0.456,0.8577538247566064,0.659,4.37,0.721408705510816,0.7533345461386323
198.0,Shaquille Harrison,SG,29.0,17.9,0.1,0.1,0.3,0.2658610271903323,0.5607476635514019,0.352,0.0493741307371349,0.402,-3.96,0.11897467943257224,0.09085891585252731
199.0,Josh Hart,SF,27.0,14.9,1.6,0.9,3.0,0.2975830815709969,0.3504672897196261,0.608,0.4369610570236439,0.4875,-0.4849999999999999,0.41821643267946396,0.25437928872428395
200.0,Isaiah Hartenstein,C,24.0,14.2,-0.3,0.7,4.6,0.1510574018126888,0.1121495327102803,0.52,0.571557719054242,0.573,2.99,0.370297446292675,0.4075174055631572
201.0,Udonis Haslem,C,42.0,6.2,-12.1,-0.2,0.0,0.1178247734138972,0.0,0.128,0.0275034770514603,0.537,-0.13,-1.2219138374559346,-1.0168843501990008
202.0,Sam Hauser,SF,25.0,12.7,1.0,1.0,3.4,0.1933534743202417,0.0841121495327102,0.208,0.4534422809457579,0.695,6.38,0.14680041497900947,0.1621056069117423
203.0,Jaxson Hayes,C,22.0,13.7,-1.2,0.1,1.5,0.1510574018126888,0.0654205607476635,0.2239999999999999,0.2159248956884562,0.512,1.63,-0.15214419477327518,-0.11280414561464855
204.0,Killian Hayes,PG,21.0,10.2,-3.8,-1.0,-0.5,0.311178247734139,0.5794392523364487,0.2319999999999999,0.7581015299026426,0.207,-7.73,-0.461452786892129,-0.32775435956749954
205.0,Gordon Hayward,SF,32.0,13.5,-1.4,0.2,2.0,0.4441087613293051,0.3831775700934579,0.344,0.5585883171070932,0.329,-5.89,0.051710999240137286,0.11025706248090485
206.0,Juancho Hernangómez,PF,27.0,7.6,-3.3,-0.2,0.7,0.0876132930513595,0.0560747663551401,0.2319999999999999,0.2178720445062587,0.5,1.59,-0.6665672359949592,-0.614283449400266
207.0,Willy Hernangómez,C,28.0,20.7,0.3,0.3,1.6,0.2084592145015106,0.0841121495327102,0.376,0.1627607788595271,0.512,1.63,0.2853107477827397,0.2425089959270039
208.0,Tyler Herro,SG,23.0,15.3,0.6,1.6,3.5,0.6072507552870091,0.3925233644859813,0.432,0.8240264255910987,0.537,-0.13,0.6108618658387986,0.6427075444045656
209.0,Buddy Hield,SF,30.0,15.4,1.9,2.4,4.4,0.5075528700906344,0.2616822429906542,0.4,0.8730876216968011,0.427,-2.91,0.7084801005570434,0.8556533961137951
210.0,Haywood Highsmith,PF,26.0,8.5,-3.1,-0.3,0.9,0.1329305135951661,0.0747663551401869,0.28,0.3424547983310153,0.537,-0.13,-0.5591613379507585,-0.48724015876388194
211.0,George Hill,PG,36.0,9.8,-1.7,0.0,1.4,0.1510574018126888,0.2336448598130841,0.152,0.2382127955493741,0.707,3.61,-0.42990450372900396,-0.29461681288531083
211.0,George Hill,SG,36.0,14.1,-0.6,0.1,0.5,0.1570996978851963,0.1775700934579439,0.128,0.0622739916550764,0.427,-2.91,-0.3009466988382768,-0.25152595036927106
212.0,Malcolm Hill,SF,27.0,15.4,2.4,0.0,0.0,0.0302114803625377,0.0,0.048,0.0030598052851182,0.488,1.37,-0.2543678315847619,-0.20148965089604987
213.0,Aaron Holiday,PG,26.0,9.4,-2.0,0.0,0.9,0.1178247734138972,0.1308411214953271,0.096,0.2977746870653686,0.5,0.32,-0.4965019022072179,-0.4579130915880751
214.0,Jrue Holiday,PG,32.0,19.2,3.1,2.8,6.7,0.5830815709969789,0.691588785046729,0.408,0.7696801112656467,0.707,3.61,1.312312837116151,1.3033389835108828
215.0,Justin Holiday,SF,33.0,6.75,-3.9,-0.2,0.1,0.134441087613293,0.0841121495327102,0.104,0.1274513212795548,0.4815,0.09,-0.8447439372893146,-0.7732591137698365
216.0,Richaun Holmes,C,29.0,12.9,-2.9,-0.1,0.8,0.093655589123867,0.0186915887850467,0.152,0.1231919332406119,0.585,2.3,-0.4260148094672079,-0.3216099011522593
217.0,Al Horford,C,36.0,13.8,3.3,2.5,6.3,0.2960725075528701,0.2803738317757009,0.496,0.6781988873435327,0.695,6.38,0.7990251125932926,0.7758943050178819
218.0,Talen Horton-Tucker,SG,22.0,13.7,-1.6,0.2,0.8,0.323262839879154,0.3551401869158878,0.256,0.462865090403338,0.451,-1.03,-0.07430902032544144,0.07345132888839127
219.0,Danuel House Jr.,SF,29.0,9.4,-3.0,-0.2,1.3,0.1450151057401812,0.0747663551401869,0.136,0.2849095966620306,0.659,4.37,-0.5220261681286101,-0.4213750961638147
220.0,Caleb Houstan,SF,20.0,6.2,-4.0,-0.4,0.7,0.1148036253776434,0.0560747663551401,0.152,0.2871696801112656,0.415,-2.39,-0.7423429332619178,-0.6480362583823016
221.0,Trevor Hudgins,PG,23.0,4.2,-8.4,0.0,0.0,0.0543806646525679,0.0560747663551401,0.0,0.0109874826147427,0.268,-7.62,-1.1115341769128124,-0.9298107998280635
222.0,Kevin Huerter,SG,24.0,15.2,1.0,1.7,4.9,0.4592145015105739,0.2710280373831776,0.264,0.7755215577190543,0.585,2.3,0.6415014214600849,0.7533345461386323
223.0,Jay Huff,C,24.0,22.3,4.0,0.1,0.5,0.2205438066465256,0.1308411214953271,0.24,0.0370653685674548,0.427,-1.06,0.3460702727083772,0.2685355362238154
224.0,De'Andre Hunter,SF,25.0,11.5,-3.3,-0.7,2.5,0.4652567975830816,0.1308411214953271,0.336,0.7495479833101529,0.5,0.32,-0.14191998689674673,0.0063534847770394896
225.0,Bones Hyland,PG,22.0,15.45,-0.8500000000000001,0.2,0.7,0.3459214501510573,0.2990654205607476,0.22,0.1946105702364394,0.5915,1.675,-0.0178404497939857,0.03465951683206505
226.0,Serge Ibaka,C,33.0,9.8,-4.5,-0.1,0.2,0.1238670694864048,0.02803738317757,0.2239999999999999,0.0676634214186369,0.707,3.61,-0.6867884380572207,-0.5666182349018919
227.0,Andre Iguodala,PF,39.0,7.3,-2.5,0.0,0.1,0.0634441087613293,0.2242990654205607,0.168,0.0434979137691237,0.537,1.66,-0.7602606471016511,-0.6521694754243517
228.0,Joe Ingles,SF,35.0,10.7,-0.7,0.3,2.3,0.2084592145015106,0.308411214953271,0.2239999999999999,0.3702016689847009,0.707,3.61,-0.1686830777568762,-0.00764117046198284
229.0,Brandon Ingram,SF,25.0,19.2,1.7,1.4,3.5,0.7462235649546827,0.5420560747663552,0.44,0.5459666203059805,0.512,1.63,0.8606949253785073,0.7755982572702578
230.0,Kyrie Irving,PG,30.0,21.6,3.8,2.2,4.3,0.8187311178247734,0.4953271028037383,0.408,0.5260778859527121,0.549,1.03,1.1565879151363858,1.0643482362531969
230.0,Kyrie Irving,SG,30.0,24.0,4.9,1.3,3.1,0.8157099697885196,0.5607476635514019,0.4,0.2778859527121001,0.463,-0.14,1.1074582072473969,0.9287956609572479
231.0,Jonathan Isaac,PF,25.0,20.3,4.0,0.2,0.3,0.1510574018126888,0.0467289719626168,0.32,0.0463490959666203,0.415,-2.39,0.21325822067835049,0.46495312978146647
232.0,Jaden Ivey,SG,20.0,12.1,-3.3,-0.7,0.0,0.4924471299093655,0.485981308411215,0.312,0.811230876216968,0.207,-7.73,-0.22785342968154748,-0.15708552462644526
233.0,Frank Jackson,PG,24.0,-6.8,-22.2,0.0,0.0,0.0,0.0934579439252336,0.16,0.0027816411682892,0.451,-1.03,-2.0521773741064013,-1.7271846560386985
234.0,Isaiah Jackson,C,21.0,17.5,-0.8,0.3,2.7,0.2175226586102719,0.0747663551401869,0.36,0.3673504867872044,0.427,-2.91,0.25662429760403616,0.23492801036763705
235.0,Jaren Jackson Jr.,C,23.0,21.6,2.8,2.2,6.6,0.5619335347432024,0.0934579439252336,0.544,0.630528511821975,0.622,3.6,1.2668006977720587,1.13074685861951
236.0,Justin Jackson,SF,27.0,6.3,-2.6,0.0,0.1,0.0271903323262839,0.0373831775700934,0.0559999999999999,0.0381432545201669,0.695,6.38,-0.8333773407617265,-0.7254224593486645
237.0,Quenton Jackson,PG,24.0,12.2,-5.1,-0.1,0.2,0.1873111782477341,0.1588785046728972,0.072,0.0514603616133518,0.427,-1.06,-0.5266495359012398,-0.45908430222073193
238.0,Reggie Jackson,PG,32.0,9.65,-4.4,-0.4499999999999999,0.35,0.2839879154078549,0.308411214953271,0.1599999999999999,0.2953059805285118,0.5915,1.675,-0.5814726267530436,-0.48918914491830634
239.0,LeBron James,PF,38.0,23.9,6.1,4.0,5.6,0.8731117824773413,0.6355140186915889,0.664,0.6910639777468707,0.524,0.43,1.7110263620061894,1.643683357409739
240.0,Ty Jerome,SG,25.0,12.8,-0.8,0.3,2.1,0.2084592145015106,0.2803738317757009,0.136,0.2893254520166898,0.537,1.66,-0.06896335342175389,0.002584078638444051
241.0,Isaiah Joe,SG,23.0,14.5,0.9,1.0,3.8,0.2870090634441087,0.1121495327102803,0.192,0.4909944367176634,0.488,0.96,0.31237858087364545,0.40437727123758666
242.0,Alize Johnson,PF,26.0,4.3,-9.1,-0.1,-0.1,0.0543806646525679,0.02803738317757,0.2,0.0123435326842837,0.268,-9.82,-1.1184169701079876,-0.8364429842352233
243.0,Cameron Johnson,PF,26.0,17.15,2.9,0.7,1.75,0.4607250755287009,0.1682242990654205,0.344,0.2174895688456188,0.549,1.5550000000000002,0.33362323678059336,0.43793205012638947
244.0,Jalen Johnson,SF,21.0,14.1,0.3,0.6,2.1,0.1691842900302114,0.1121495327102803,0.32,0.3667941585535466,0.5,0.32,0.0784270715406025,0.18436725497130335
245.0,James Johnson,PF,35.0,8.4,-4.4,-0.1,0.1,0.0845921450151057,0.0747663551401869,0.136,0.0587621696801112,0.427,-2.91,-0.7947816241224384,-0.6575449440873561
246.0,Keldon Johnson,SF,23.0,15.3,-1.8,0.1,1.3,0.6646525679758308,0.2710280373831776,0.4,0.727990264255911,0.268,-9.82,0.15386428189117335,0.11493025941270053
247.0,Keon Johnson,SG,20.0,9.0,-5.4,-0.4,-0.5,0.1419939577039275,0.1401869158878504,0.088,0.1475660639777468,0.402,-3.96,-0.7677806618935201,-0.6087818933468756
248.0,Stanley Johnson,SF,26.0,13.5,-1.0,0.1,0.7,0.175226586102719,0.205607476635514,0.256,0.1678025034770514,0.268,-9.82,-0.20935158088825706,-0.2274434165934544
249.0,Nikola Jokić,C,27.0,31.5,13.0,8.8,14.9,0.7401812688821752,0.9158878504672898,0.944,0.818741307371349,0.646,3.04,3.823606353126967,3.581403542591772
250.0,Carlik Jones,PG,25.0,11.1,-2.5,0.0,0.1,0.0876132930513595,0.0841121495327102,0.0559999999999999,0.021557719054242,0.488,1.37,-0.5573521475230406,-0.5490847921721834
251.0,Damian Jones,C,27.0,13.1,-1.75,0.0,0.6000000000000001,0.107250755287009,0.0373831775700934,0.24,0.0863699582753824,0.4875,-0.3,-0.35085765155646476,-0.2774520916193904
252.0,Derrick Jones Jr.,PF,25.0,13.8,-0.4,0.3,2.4,0.1510574018126888,0.0467289719626168,0.192,0.314673157162726,0.488,1.37,-0.038520593289931584,0.012785579920257764
253.0,Herbert Jones,PF,24.0,12.1,-0.3,0.8,4.2,0.2960725075528701,0.2336448598130841,0.3279999999999999,0.6879694019471488,0.512,1.63,0.2631470905944115,0.35951093116996474
254.0,Kai Jones,C,22.0,10.8,-4.0,-0.3,0.7,0.1027190332326283,0.02803738317757,0.216,0.1947148817802503,0.329,-5.89,-0.5215584854426515,-0.491403916695538
255.0,Tre Jones,PG,23.0,16.0,-1.0,0.5,3.4,0.3897280966767371,0.616822429906542,0.288,0.6993045897079277,0.268,-9.82,0.4517490106536027,0.45342023667347303
256.0,Tyus Jones,PG,26.0,16.0,1.6,1.7,5.7,0.311178247734139,0.485981308411215,0.2,0.6823018080667593,0.622,3.6,0.7655160042276714,0.6504938258921875
257.0,DeAndre Jordan,C,34.0,14.7,-1.8,0.0,1.4,0.1540785498489426,0.0841121495327102,0.416,0.2082753824756606,0.646,3.04,-0.15343418518942656,-0.19100361922986395
258.0,Cory Joseph,PG,31.0,12.1,-1.5,0.2,1.8,0.2084592145015106,0.3271028037383178,0.136,0.4328233657858136,0.207,-7.73,-0.17302597431247324,-0.16981855964125075
259.0,Nikola Jović,PF,19.0,10.6,-3.4,-0.1,0.2,0.1661631419939577,0.0654205607476635,0.168,0.0749652294853963,0.537,-0.13,-0.5254052093267281,-0.4455903852464752
260.0,Johnny Juzang,SG,21.0,6.5,-6.5,-0.3,-0.2,0.1450151057401812,0.0373831775700934,0.176,0.0844575799721835,0.451,-1.03,-0.9021067097701492,-0.8087102642497123
261.0,Mfiondu Kabengele,PF,25.0,8.1,-8.9,-0.1,0.1,0.0453172205438066,0.0,0.2,0.0149513212795549,0.695,6.38,-0.909892152337447,-0.7994885660332428
262.0,Frank Kaminsky,C,29.0,15.75,3.1500000000000004,0.15,0.35,0.0679758308157099,0.0887850467289719,0.1199999999999999,0.0423678720445062,0.384,-3.65,-0.12154990335347422,-0.10870983088124346
263.0,Trevor Keels,SG,19.0,3.7,-13.0,0.0,0.0,0.0302114803625377,0.0,0.0559999999999999,0.0030250347705146,0.573,2.99,-1.2647304665211656,-1.0499840787714187
264.0,Luke Kennard,SG,26.0,13.25,0.75,0.3999999999999999,1.7,0.2885196374622356,0.1588785046728971,0.22,0.2357962447844228,0.5795,1.955,-0.031339879578308576,-0.060691904884654896
265.0,Walker Kessler,C,21.0,21.5,2.9,2.1,7.1,0.2779456193353474,0.0841121495327102,0.672,0.5994436717663422,0.451,-1.03,1.2785031282540227,1.300525672785213
266.0,Braxton Key,SF,25.0,18.6,2.9,0.0,0.0,0.039274924471299,0.0,0.024,0.0034770514603616,0.207,-7.73,-0.07434572488667776,-0.12070531982708056
267.0,Louis King,PF,23.0,21.3,2.3,0.0,0.1,0.6042296072507553,0.1869158878504673,0.32,0.019471488178025,0.659,4.37,0.3289116819502552,0.195470470566838
268.0,Corey Kispert,SF,23.0,11.5,-1.5,0.2,3.8,0.3353474320241691,0.1121495327102803,0.2239999999999999,0.7368915159944368,0.427,-1.06,0.06373060383757592,0.167645260834532
269.0,Maxi Kleber,PF,31.0,8.7,-2.2,0.0,1.3,0.1782477341389728,0.1308411214953271,0.288,0.3313977746870654,0.463,-0.14,-0.45754659047996676,-0.4057374342836863
270.0,Nathan Knight,C,25.0,14.5,-3.2,-0.1,0.7,0.1117824773413897,0.02803738317757,0.12,0.103164116828929,0.512,-0.22,-0.34709522195039655,-0.3391747175577838
271.0,Kevin Knox,PF,23.0,12.4,-4.6,-0.2,0.1,0.2567975830815709,0.0841121495327102,0.264,0.1300764951321279,0.402,-3.96,-0.4590901661222949,-0.308072851993922
271.0,Kevin Knox,SF,23.0,10.3,-2.8,-0.1,0.5,0.1691842900302114,0.0373831775700934,0.208,0.2103963838664812,0.207,-7.73,-0.4991740396656356,-0.3235277003291276
272.0,Christian Koloko,C,22.0,11.4,-3.5,-0.3,1.7,0.093655589123867,0.0467289719626168,0.2319999999999999,0.2829624478442281,0.5,1.59,-0.3623491727654076,-0.2868998625055311
273.0,John Konchar,SF,26.0,10.8,0.5,0.9,3.5,0.1540785498489426,0.1308411214953271,0.344,0.5260083449235049,0.622,3.6,0.0798018152177119,0.08249593547837247
274.0,Furkan Korkmaz,SG,25.0,9.3,-4.4,-0.2,0.1,0.1148036253776434,0.0560747663551401,0.088,0.1253477051460361,0.659,4.37,-0.7059198456909599,-0.6101007756630901
275.0,Luke Kornet,C,27.0,16.7,1.0,0.6,3.3,0.1148036253776434,0.0747663551401869,0.2319999999999999,0.2829276773296245,0.695,6.38,0.25762169434398124,0.27130893970912034
276.0,Vit Krejci,PG,22.0,7.7,-3.6,-0.1,0.1,0.0362537764350453,0.0560747663551401,0.072,0.0586578581363004,0.5,0.32,-0.7622438991835285,-0.6376700659189736
277.0,Jonathan Kuminga,PF,20.0,13.3,-1.7,0.1,2.4,0.2990936555891239,0.1775700934579439,0.272,0.4912378303198887,0.537,1.66,0.016692040753281748,0.16554382295842113
278.0,Kyle Kuzma,PF,27.0,14.3,-1.7,0.2,0.9,0.6404833836858006,0.3457943925233645,0.5760000000000001,0.7899860917941586,0.427,-1.06,0.12098571899301651,0.2732239362678137
279.0,Anthony Lamb,SF,25.0,10.9,-1.1,0.3,2.4,0.202416918429003,0.1401869158878504,0.28,0.4215229485396384,0.537,1.66,-0.13169963031395715,-0.06620475908607364
280.0,Jock Landale,C,27.0,16.4,-1.1,0.2,2.7,0.1993957703927492,0.0934579439252336,0.3279999999999999,0.3446453407510431,0.549,2.08,0.1401202578424829,0.11218543745149616
281.0,Romeo Langford,SG,23.0,10.4,-4.2,-0.5,0.5,0.2084592145015106,0.1121495327102803,0.216,0.2995827538247566,0.268,-9.82,-0.532245915254236,-0.4513166418795448
282.0,Jake LaRavia,PF,21.0,6.7,-3.5,-0.2,0.5,0.0906344410876132,0.0560747663551401,0.144,0.1473574408901251,0.622,3.6,-0.7309592856661249,-0.6715923489048217
283.0,Zach LaVine,SG,27.0,19.0,1.9,2.7,7.1,0.7492447129909365,0.3925233644859813,0.36,0.9742350486787204,0.488,1.37,1.2875237499158243,1.3082605175420579
284.0,A.J. Lawson,SG,22.0,23.95,0.3000000000000002,-0.05,0.05,0.0891238670694863,0.0046728971962616,0.0959999999999999,0.0197496522948539,0.4875,-0.18,0.15812520537469074,0.163891376871458
285.0,Damion Lee,SG,30.0,10.7,-1.7,0.1,2.6,0.2477341389728096,0.1214953271028037,0.24,0.5300417246175244,0.549,2.08,-0.18209482106996855,-0.13535372909529
286.0,Saben Lee,PG,23.0,12.95,-3.05,0.0,0.35,0.1404833836858005,0.1775700934579439,0.08,0.0677677329624477,0.6040000000000001,3.225,-0.3986800635690057,-0.4126136357135959
287.0,Alex Len,C,29.0,12.8,-4.0,-0.1,0.3,0.0513595166163141,0.0467289719626168,0.184,0.0574408901251738,0.585,2.3,-0.5147388507593911,-0.44670906816230227
288.0,Kawhi Leonard,SF,31.0,23.9,6.1,3.5,7.1,0.7190332326283988,0.3644859813084112,0.52,0.6187760778859527,0.537,0.31,1.7014228937063405,1.6439542186240574
289.0,Meyers Leonard,C,30.0,12.0,-5.0,-0.1,0.3,0.1450151057401812,0.0093457943925233,0.304,0.0433588317107093,0.707,3.61,-0.5480638012282213,-0.4783600182781994
290.0,Caris LeVert,SG,28.0,12.4,-0.2,1.0,4.4,0.3655589123867069,0.3644859813084112,0.304,0.7876216968011126,0.622,5.23,0.3494604664028025,0.2957932245390681
291.0,Kira Lewis Jr.,PG,21.0,14.5,-0.3,0.1,0.6,0.1389728096676737,0.0841121495327102,0.104,0.0842837273991655,0.512,1.63,-0.20936730580019491,-0.1513278423467293
292.0,Damian Lillard,PG,32.0,26.7,7.1,4.9,9.0,0.972809667673716,0.6822429906542057,0.384,0.7445410292072323,0.402,-3.96,2.293964150207346,2.1556857641624405
293.0,Nassir Little,SF,22.0,10.2,-3.0,-0.3,0.7,0.1993957703927492,0.0841121495327102,0.208,0.3449582753824756,0.402,-3.96,-0.4697763837933892,-0.4152380492433829
294.0,Isaiah Livers,PF,24.0,8.4,-2.4,-0.1,1.0,0.202416918429003,0.0747663551401869,0.2239999999999999,0.4242350486787204,0.207,-7.73,-0.4947329883344338,-0.43768785302381635
295.0,Kenneth Lofton Jr.,PF,20.0,20.2,-0.4,0.1,0.5,0.1510574018126888,0.0747663551401869,0.168,0.063038942976356,0.622,3.6,0.07844457652932124,0.00816544629579374
296.0,Kevon Looney,C,26.0,17.8,2.1,2.0,8.7,0.2114803625377643,0.2336448598130841,0.7440000000000001,0.6884214186369959,0.537,1.66,1.2451871291765515,1.2267679663233149
297.0,Brook Lopez,C,34.0,18.4,2.1,2.5,8.0,0.4803625377643504,0.1214953271028037,0.536,0.8349791376912379,0.707,3.61,1.1917433057772375,1.1676063732557571
298.0,Robin Lopez,C,34.0,11.6,-3.0,-0.1,0.6,0.0906344410876132,0.0467289719626168,0.1119999999999999,0.1060848400556328,0.622,5.23,-0.547017217177775,-0.44723222569643406
299.0,Kevin Love,PF,34.0,12.95,0.1499999999999999,0.3999999999999999,1.2999999999999998,0.2447129909365558,0.1775700934579439,0.5,0.2218358831710709,0.5795,2.5500000000000003,-0.08255992670565984,0.039001779007895324
300.0,Kyle Lowry,PG,36.0,12.6,0.2,0.9,3.4,0.3383685800604229,0.4766355140186916,0.3279999999999999,0.6075104311543811,0.537,-0.13,0.23289886106266144,0.34677594034698456
301.0,Trey Lyles,PF,27.0,14.2,-1.0,0.3,2.6,0.2296072507552869,0.0841121495327102,0.3279999999999999,0.438769123783032,0.585,2.3,0.04688549696151243,0.10873398641354479
302.0,Théo Maledon,PG,21.0,11.6,-2.5,-0.1,0.8,0.202416918429003,0.3271028037383178,0.2239999999999999,0.3029902642559109,0.329,-5.89,-0.2844923585901015,-0.17933911917921594
303.0,Sandro Mamukelashvili,C,23.0,12.2,-2.7,-0.05,0.4,0.1993957703927492,0.1448598130841121,0.364,0.1196627260083449,0.4875,-3.1050000000000004,-0.3377407543854479,-0.38391575990786814
304.0,Terance Mann,SG,26.0,13.4,-0.2,0.8,4.3,0.2658610271903323,0.2149532710280373,0.272,0.658240611961057,0.537,0.31,0.29825467376924586,0.41160154598874393
305.0,Tre Mann,PG,21.0,10.0,-3.9,-0.6,0.5,0.2326283987915408,0.1682242990654205,0.184,0.4167941585535466,0.488,0.96,-0.516323772595244,-0.42987353696273456
306.0,Boban Marjanović,C,34.0,23.4,1.6,0.2,0.6,0.0996978851963746,0.02803738317757,0.152,0.0606745479833101,0.268,-7.62,0.2055700565467015,0.17527726613396102
307.0,Lauri Markkanen,PF,25.0,22.1,3.8,3.3,8.2,0.7734138972809668,0.1775700934579439,0.688,0.8015994436717664,0.451,-1.03,1.6903168659306582,1.5742348460393696
308.0,Naji Marshall,SF,25.0,11.4,-1.9,0.1,2.5,0.2749244712990936,0.2336448598130841,0.288,0.6304937413073713,0.512,1.63,-0.07584784479364048,0.03011945861396836
309.0,Caleb Martin,SF,27.0,11.4,-1.2,0.4,3.7,0.2900302114803625,0.1495327102803738,0.384,0.7316759388038944,0.537,-0.13,0.0939050197503117,0.13511450321136467
310.0,Cody Martin,SF,27.0,8.7,-4.6,-0.1,0.1,0.1510574018126888,0.1495327102803738,0.272,0.0525382475660639,0.329,-5.89,-0.6673100304267966,-0.6685830110950303
311.0,Kenyon Martin Jr.,SF,22.0,15.4,-0.7,0.7,4.9,0.3836858006042296,0.1401869158878504,0.44,0.805980528511822,0.268,-7.62,0.5205344098971426,0.5599798268176227
312.0,Tyrese Martin,SG,23.0,7.7,-7.4,-0.1,0.0,0.039274924471299,0.0093457943925233,0.064,0.0236787204450625,0.5,0.32,-0.9151131222090773,-0.7994885660332428
313.0,Garrison Mathews,SG,26.0,11.55,-2.1,-0.05,0.4499999999999999,0.1450151057401812,0.0373831775700934,0.1039999999999999,0.1225139082058414,0.384,-3.65,-0.4754087056330479,-0.41323682827694175
314.0,Bennedict Mathurin,SG,20.0,13.1,-3.7,-1.0,1.8,0.5045317220543806,0.1401869158878504,0.3279999999999999,0.7818150208623088,0.427,-2.91,-0.1290413641400745,-0.07411263864756278
315.0,Wesley Matthews,SF,36.0,7.0,-2.7,-0.1,1.2,0.1027190332326283,0.0654205607476635,0.176,0.2899165507649513,0.707,3.61,-0.6739489526053424,-0.5840095201693151
316.0,Tyrese Maxey,SG,22.0,17.0,0.6,1.3,5.4,0.6132930513595166,0.3271028037383178,0.2319999999999999,0.7119610570236439,0.659,4.37,0.7828765567232041,0.755701415144111
317.0,Skylar Mays,PG,25.0,19.4,0.0,0.1,0.7,0.4622356495468278,0.7757009345794393,0.256,0.0759735744089012,0.402,-3.96,0.33523766562035573,0.29670668320420746
318.0,Miles McBride,PG,22.0,8.4,-2.3,-0.1,0.7,0.1057401812688821,0.102803738317757,0.064,0.2676981919332406,0.573,2.99,-0.5818244555269664,-0.5981114615477522
319.0,Mac McClung,SG,24.0,19.2,0.5,0.0,0.1,0.377643504531722,0.4205607476635514,0.4,0.0206884561891515,0.659,4.37,0.19480071632985105,0.11162836913777431
320.0,CJ McCollum,SG,31.0,15.6,0.8,1.9,4.3,0.6314199395770392,0.5327102803738318,0.352,0.9326495132127955,0.512,1.63,0.7223802615966087,0.7134041658502184
321.0,T.J. McConnell,PG,30.0,16.8,0.5,1.0,3.1,0.2628398791540785,0.4953271028037383,0.248,0.5369610570236439,0.427,-2.91,0.42118529075102107,0.39698196368577277
322.0,Jaden McDaniels,SF,22.0,12.0,-1.2,0.5,4.4,0.3655589123867069,0.1775700934579439,0.312,0.85,0.512,-0.22,0.24708376026868217,0.22009515319389414
323.0,Jalen McDaniels,SF,25.0,12.05,-2.3,-0.05,1.4,0.2613293051359516,0.1308411214953271,0.32,0.3395688456189151,0.494,-0.7599999999999998,-0.22662243519780778,0.0029441869046808455
324.0,Doug McDermott,SF,31.0,11.2,-3.2,-0.4,1.0,0.3081570996978852,0.1308411214953271,0.176,0.4633171070931849,0.268,-9.82,-0.41735410521875255,-0.23427710899535975
325.0,JaVale McGee,C,35.0,17.2,-3.7,-0.1,0.6,0.1329305135951661,0.02803738317757,0.2,0.1256954102920723,0.463,-0.14,-0.27004307453154824,-0.26795080857602593
326.0,Bryce McGowens,SG,20.0,7.2,-6.0,-0.8,0.1,0.1601208459214501,0.1121495327102803,0.16,0.278894297635605,0.329,-5.89,-0.821856577723044,-0.7013494252202155
327.0,Rodney McGruder,SG,31.0,10.7,-1.5,0.1,0.7,0.1722054380664652,0.0841121495327102,0.184,0.1872044506258692,0.207,-7.73,-0.44325732180854166,-0.4239700292643316
328.0,Jordan McLaughlin,PG,26.0,11.8,-0.7,0.2,1.3,0.1117824773413897,0.3177570093457944,0.1119999999999999,0.2405424200278164,0.512,-0.22,-0.23202433825421914,-0.2595263337147852
329.0,De'Anthony Melton,SG,24.0,12.7,0.9,1.6,4.2,0.3051359516616314,0.2429906542056075,0.3279999999999999,0.7565716272600835,0.659,4.37,0.40872974170334725,0.5129669424845706
330.0,Sam Merrill,SG,26.0,15.5,1.2,0.0,0.2,0.1510574018126888,0.0934579439252336,0.144,0.0239221140472879,0.622,5.23,-0.17925985884318205,-0.20646616874167956
331.0,Chimezie Metu,PF,25.0,17.3,-0.1,0.3,2.1,0.148036253776435,0.0560747663551401,0.24,0.2424895688456189,0.585,2.3,0.12120917565448247,0.11982514731492513
332.0,Khris Middleton,SF,31.0,17.4,0.8,0.6,1.9,0.4561933534743202,0.4579439252336449,0.336,0.2862656467315716,0.707,3.61,0.3395431362891155,0.2635022790542182
333.0,Patty Mills,PG,34.0,10.6,-3.1,-0.2,0.4,0.1873111782477341,0.1308411214953271,0.088,0.2013908205841446,0.549,1.03,-0.5791545912789472,-0.428398419684624
334.0,Shake Milton,SG,26.0,12.7,-2.0,0.0,2.9,0.2537764350453172,0.2990654205607477,0.2,0.5513212795549374,0.659,4.37,-0.007517548565721644,0.04590296707304515
335.0,Justin Minaya,SF,23.0,4.0,-9.0,-0.2,-0.1,0.1299093655589124,0.0934579439252336,0.304,0.0380041724617524,0.402,-3.96,-1.0546247397720645,-0.7451928048613108
336.0,Josh Minott,SF,20.0,17.9,-1.6,0.0,0.3,0.093655589123867,0.02803738317757,0.136,0.0349095966620306,0.512,-0.22,-0.1381189701532965,-0.08471327011788271
337.0,Davion Mitchell,PG,24.0,9.4,-2.8,-0.3,1.5,0.1691842900302114,0.2149532710280373,0.104,0.5087273991655076,0.585,2.3,-0.4199296195979,-0.36258631595202073
338.0,Donovan Mitchell,SG,26.0,22.9,6.3,5.0,8.9,0.8549848942598187,0.4112149532710281,0.344,0.8573713490959667,0.622,5.23,2.0120263990304945,1.9940614120557
339.0,Evan Mobley,PF,21.0,17.9,1.7,2.5,8.5,0.4894259818731117,0.2616822429906542,0.72,0.9552851182197496,0.622,5.23,1.3804321954098717,1.2267679663233149
340.0,Isaiah Mobley,PF,23.0,14.1,-1.4,0.0,0.2,0.0785498489425981,0.02803738317757,0.136,0.0309457579972183,0.622,5.23,-0.3494105404657451,-0.2611579183979828
341.0,Chima Moneke,SF,27.0,-3.5,-20.7,0.0,0.0,0.0302114803625377,0.0467289719626168,0.08,0.0034770514603616,0.585,2.3,-1.8875884970147245,-1.644322844068832
342.0,Malik Monk,SG,24.0,16.6,0.3,1.0,3.2,0.4078549848942598,0.3644859813084112,0.208,0.6047635605006954,0.585,2.3,0.44392083858379267,0.33313096918264556
343.0,Moses Moody,SG,20.0,10.3,-2.6,-0.1,1.3,0.1450151057401812,0.0747663551401869,0.136,0.2878998609179415,0.537,1.66,-0.40425255442709285,-0.34270333055816643
344.0,Xavier Moon,SG,28.0,7.2,-5.1,0.0,0.0,0.0543806646525679,0.1214953271028037,0.064,0.0079972183588317,0.537,0.31,-0.8545821986043751,-0.6422413221411989
345.0,Wendell Moore Jr.,SG,21.0,9.3,-2.4,0.0,0.1,0.0422960725075528,0.0560747663551401,0.048,0.054346314325452,0.512,-0.22,-0.6370830666856113,-0.6281598351812223
346.0,Ja Morant,PG,23.0,23.3,5.7,3.8,6.0,0.7915407854984894,0.7570093457943925,0.472,0.6877260083449236,0.622,3.6,1.7409537104024653,1.643683357409739
347.0,Marcus Morris,PF,33.0,10.5,-1.9,0.0,2.0,0.3383685800604229,0.1682242990654205,0.32,0.6436369958275382,0.537,0.31,-0.21748208237622463,-0.12958851208351735
348.0,Markieff Morris,PF,33.0,9.9,-3.85,-0.05,0.2,0.1223564954682779,0.0794392523364485,0.148,0.064394993045897,0.506,0.445,-0.6640651691512007,-0.5649907917795262
349.0,Monte Morris,PG,27.0,15.0,0.5,1.1,4.2,0.311178247734139,0.4953271028037383,0.272,0.5981571627260084,0.427,-1.06,0.49124984560011487,0.37060047271872365
350.0,Trey Murphy III,SF,22.0,15.2,1.8,2.3,7.6,0.4380664652567975,0.1308411214953271,0.288,0.8612656467315716,0.512,1.63,0.9667930003055552,1.059214115399445
351.0,Dejounte Murray,SG,26.0,17.0,1.0,2.1,4.7,0.6193353474320241,0.5700934579439252,0.424,0.9483310152990264,0.5,0.32,0.9109983331855722,0.9340632182240738
352.0,Jamal Murray,PG,25.0,18.0,1.3,1.8,5.1,0.6042296072507553,0.5794392523364487,0.32,0.752364394993046,0.646,3.04,0.9434963982768717,0.9757794992453754
353.0,Keegan Murray,SF,22.0,12.3,-0.6,0.8,4.3,0.3685800604229607,0.1121495327102803,0.368,0.8378998609179417,0.585,2.3,0.29283876946941206,0.3028304727243929
354.0,Mike Muscala,C,31.0,12.7,-0.6499999999999999,0.2,1.25,0.1827794561933534,0.0700934579439251,0.26,0.1689325452016689,0.5914999999999999,3.67,-0.23798908080940234,-0.2855714643503564
355.0,Svi Mykhailiuk,SF,25.0,14.8,1.7999999999999998,0.15,0.3999999999999999,0.1842900302114803,0.130841121495327,0.116,0.0851182197496522,0.4509999999999999,-1.4499999999999995,-0.14023612184934445,-0.19724690211908108
356.0,Larry Nance Jr.,C,30.0,16.0,2.0,1.4,4.9,0.2054380664652567,0.1682242990654205,0.432,0.4868567454798331,0.512,1.63,0.5825422354819098,0.5774620869298188
357.0,Andrew Nembhard,SG,23.0,10.0,-3.2,-0.6,1.2,0.2870090634441087,0.4205607476635514,0.216,0.7296940194714882,0.427,-2.91,-0.31807680492916995,-0.3549585593313352
358.0,Aaron Nesmith,SF,23.0,10.5,-3.0,-0.4,2.0,0.3051359516616314,0.1214953271028037,0.304,0.6393949930458971,0.427,-2.91,-0.2533425755433692,-0.24611342501825859
359.0,Raul Neto,PG,30.0,12.6,-0.2,0.2,1.5,0.0996978851963746,0.1495327102803738,0.08,0.1785465924895688,0.622,5.23,-0.24372154352260694,-0.05333619013514347
360.0,Georges Niang,PF,29.0,10.9,-1.4,0.2,2.5,0.2477341389728096,0.0934579439252336,0.192,0.5317802503477052,0.659,4.37,-0.17893029284083745,-0.12498312426088261
361.0,Daishen Nix,PG,20.0,5.3,-6.5,-1.0,-1.2,0.120845921450151,0.2149532710280373,0.136,0.3226703755215577,0.268,-7.62,-1.0602211905973173,-0.8827491978171412
362.0,Zeke Nnaji,PF,22.0,12.5,-3.7,-0.3,1.6,0.1570996978851963,0.02803738317757,0.208,0.2571974965229485,0.646,3.04,-0.32321285271083366,-0.15992641202821214
363.0,Nerlens Noel,C,28.0,5.15,-6.15,-0.05,0.0,0.0498489425981872,0.0700934579439252,0.2239999999999999,0.037586926286509,0.378,-3.35,-0.9621073033466795,-0.826172372508103
364.0,Jaylen Nowell,SG,23.0,13.7,-2.5,-0.2,1.2,0.3262839879154078,0.1869158878504673,0.208,0.4413421418636996,0.512,-0.22,-0.16302836014507868,-0.0953929807863186
365.0,Frank Ntilikina,SG,24.0,5.2,-6.7,-0.7,-0.1,0.0876132930513595,0.1121495327102803,0.104,0.214847009735744,0.463,-0.14,-1.0146548682681618,-0.8344149339181877
366.0,Kendrick Nunn,SG,27.0,11.4,-3.3,-0.2,0.1,0.2145015105740181,0.1261682242990653,0.1239999999999999,0.1716968011126564,0.4755,-0.315,-0.5229325762051,-0.40049662940761777
367.0,Jusuf Nurkić,C,28.0,17.3,0.1,0.7,2.7,0.4018126888217522,0.2710280373831776,0.728,0.4922809457579972,0.402,-3.96,0.4763738121132084,0.4757081822914973
368.0,Jordan Nwora,SF,24.0,12.2,-2.1,0.0,0.75,0.2870090634441087,0.1448598130841121,0.312,0.2128477051460361,0.567,0.3499999999999998,-0.2704838899801914,-0.3145407519048295
369.0,Royce O'Neale,SF,29.0,9.2,-1.1,0.5,2.9,0.2658610271903323,0.3457943925233645,0.408,0.8479485396383866,0.549,1.03,-0.028409524022934042,-0.11478448517059871
370.0,Chuma Okeke,SF,24.0,9.1,-1.6,0.1,0.7,0.1419939577039275,0.1308411214953271,0.288,0.1860917941585535,0.415,-2.39,-0.45071132202537234,-0.4239907585522971
371.0,Josh Okogie,SG,24.0,13.3,-0.2,0.6,2.8,0.2205438066465256,0.1401869158878504,0.28,0.4752433936022253,0.549,2.08,0.09415975606751961,0.12494653750366899
372.0,Onyeka Okongwu,C,22.0,19.4,0.8,1.3,7.1,0.2990936555891239,0.0934579439252336,0.5760000000000001,0.6502433936022253,0.5,0.32,1.0222651141869665,0.9304109884437356
373.0,Isaac Okoro,SF,22.0,10.7,-0.3,0.7,4.2,0.1933534743202417,0.102803738317757,0.2,0.5812586926286509,0.622,5.23,0.0932849837670176,0.15648178849671868
374.0,KZ Okpala,PF,23.0,6.2,-3.2,-0.1,0.3,0.039274924471299,0.0373831775700934,0.08,0.0880041724617524,0.585,2.3,-0.8088699169753325,-0.7722318744612445
375.0,Victor Oladipo,SG,30.0,10.6,-2.1,0.0,0.6,0.323262839879154,0.3271028037383178,0.24,0.3930111265646731,0.537,-0.13,-0.34336978240203897,-0.3795457152226361
376.0,Kelly Olynyk,C,31.0,14.4,0.4,1.2,4.3,0.377643504531722,0.3457943925233645,0.496,0.6844923504867871,0.451,-1.03,0.496267401317046,0.5087054964800567
377.0,Eugene Omoruyi,SF,25.0,10.9,-4.5,-0.2,0.3,0.2205438066465256,0.0700934579439252,0.232,0.1172983310152989,0.3475,-3.385,-0.543567246598708,-0.5392567158436727
378.0,Cedi Osman,SF,27.0,12.0,-0.7,0.5,3.3,0.2628398791540785,0.1401869158878504,0.184,0.5445410292072322,0.622,5.23,0.028768611211688274,0.06532260457837978
379.0,Kelly Oubre Jr.,SF,27.0,14.8,-1.1,0.3,1.7,0.6132930513595166,0.102803738317757,0.416,0.5487830319888735,0.329,-5.89,0.11467789670192358,0.2732239362678137
380.0,Chris Paul,PG,37.0,17.7,3.2,2.5,6.2,0.4199395770392749,0.8317757009345795,0.344,0.6672461752433936,0.549,2.08,1.1112015241513664,1.0656358065553653
381.0,Cameron Payne,PG,28.0,13.2,-1.2,0.2,1.1,0.311178247734139,0.4205607476635514,0.176,0.3429068150208623,0.549,2.08,-0.10820622219692355,-0.13479447644465326
382.0,Gary Payton II,SG,30.0,14.5,0.8999999999999999,0.1,0.45,0.148036253776435,0.1214953271028037,0.2759999999999999,0.0688456189151599,0.4695,-1.15,-0.18142845195344962,-0.19724690211908108
383.0,Theo Pinson,SG,27.0,10.1,-3.4,-0.1,0.5,0.0725075528700906,0.1121495327102803,0.128,0.1144297635605007,0.463,-0.14,-0.5836795968238847,-0.4286788485438053
384.0,Scotty Pippen Jr.,PG,22.0,9.6,-5.9,0.0,0.0,0.0694864048338368,0.02803738317757,0.0559999999999999,0.0122739916550764,0.524,0.43,-0.7511485539587831,-0.6358428738571837
385.0,Mason Plumlee,C,32.0,19.1,1.9,1.1,3.95,0.2975830815709969,0.2523364485981308,0.6639999999999999,0.3648122392211404,0.433,-2.79,0.6972112025163419,0.7650907751663145
386.0,Jakob Poeltl,C,27.0,21.4,2.25,0.95,3.0,0.3806646525679757,0.2476635514018691,0.724,0.3399339360222531,0.384,-4.115,0.775906592192727,0.6593671621988756
387.0,Aleksej Pokusevski,PF,21.0,13.4,0.0,0.3,1.0,0.2447129909365558,0.1775700934579439,0.376,0.2502086230876217,0.488,0.96,-0.05862167447601585,-0.08325297756267984
388.0,Jordan Poole,PG,23.0,14.6,-1.9,0.1,3.2,0.6163141993957704,0.4205607476635514,0.216,0.8643949930458971,0.537,1.66,0.29669132888343047,0.19202418456532974
389.0,Kevin Porter Jr.,PG,22.0,16.2,0.6,1.3,2.9,0.580060422960725,0.5327102803738318,0.424,0.7149860917941586,0.268,-7.62,0.596396473742171,0.7173275260317363
390.0,Michael Porter Jr.,SF,24.0,16.8,0.2,1.0,4.3,0.525679758308157,0.0934579439252336,0.44,0.6345618915159944,0.646,3.04,0.5781608559178342,0.5771868554966848
391.0,Otto Porter Jr.,SF,29.0,14.0,0.7,0.1,0.4,0.1661631419939577,0.0934579439252336,0.192,0.0564325452016689,0.5,1.59,-0.2383720252574798,-0.23552772092900837
392.0,Bobby Portis,PF,27.0,17.8,0.7,1.2,5.3,0.4259818731117824,0.1401869158878504,0.768,0.6404728789986092,0.707,3.61,0.8189164838857771,0.7059147264444302
393.0,Kristaps Porziņģis,C,27.0,23.1,4.3,3.4,7.7,0.7009063444108761,0.2523364485981308,0.672,0.7477746870653685,0.427,-1.06,1.6965271613988333,1.6474539781581201
394.0,Micah Potter,PF,24.0,18.6,3.5,0.1,0.2,0.1027190332326283,0.0560747663551401,0.184,0.0199582753824756,0.451,-1.03,0.05375198260241645,0.03376720024959748
395.0,Dwight Powell,C,31.0,15.5,-1.2,0.3,5.1,0.202416918429003,0.0841121495327102,0.3279999999999999,0.5129346314325453,0.463,-0.14,0.32865915788302974,0.3276244550192104
396.0,Norman Powell,SG,29.0,17.1,0.3,0.9,3.5,0.5135951661631419,0.1682242990654205,0.2319999999999999,0.5532336578581363,0.537,0.31,0.4339787632066768,0.3915007379077867
397.0,Jason Preston,PG,23.0,10.3,-2.6,0.0,0.1,0.0876132930513595,0.1775700934579439,0.128,0.0455146036161335,0.537,0.31,-0.5409344333294152,-0.45150667172087816
398.0,Joshua Primo,SG,20.0,6.1,-6.3,-0.1,-0.1,0.2114803625377643,0.4205607476635514,0.264,0.0397426981919332,0.268,-9.82,-0.7415502820642939,-0.8379413394414514
399.0,Taurean Prince,PF,28.0,10.0,-3.3,-0.4,1.3,0.2749244712990936,0.1495327102803738,0.192,0.4214534075104311,0.512,-0.22,-0.43436479119349936,-0.3549585593313352
400.0,Payton Pritchard,PG,25.0,10.3,-3.4,-0.2,0.6,0.1691842900302114,0.1214953271028037,0.144,0.2275382475660639,0.695,6.38,-0.5207880203266382,-0.47142804904595603
401.0,Trevelin Queen,SG,25.0,6.0,-7.2,-0.1,-0.2,0.0906344410876132,0.0841121495327102,0.192,0.0271210013908205,0.427,-2.91,-0.9559704718555811,-0.8228328938642978
402.0,Neemias Queta,C,23.0,17.0,-3.4,0.0,0.1,0.0725075528700906,0.0186915887850467,0.176,0.011404728789986,0.585,2.3,-0.27522060820523325,-0.2515449987407646
403.0,Immanuel Quickley,SG,23.0,16.3,1.7,2.1,6.7,0.4501510574018126,0.3177570093457944,0.336,0.824374130737135,0.573,2.99,0.9697203190686123,1.0097071301150908
404.0,Lester Quinones,SG,22.0,8.6,-10.2,0.0,0.0,0.0755287009063444,0.0467289719626168,0.064,0.0071279554937413,0.537,1.66,-0.9274365529509312,-0.8167134105294716
405.0,Julius Randle,PF,28.0,20.3,3.7,3.9,8.1,0.7583081570996979,0.3831775700934579,0.8,0.963317107093185,0.573,2.99,1.7194352126233676,1.6595201187719915
406.0,Austin Reaves,SG,24.0,14.9,0.7,1.2,5.4,0.3927492447129909,0.3177570093457944,0.24,0.6501390820584144,0.524,0.43,0.6041197248166765,0.6030764728132739
407.0,Cam Reddish,SF,23.0,10.6,-3.3,-0.15,0.5,0.2930513595166163,0.1355140186915887,0.1799999999999999,0.1800243393602224,0.4875,-0.4849999999999999,-0.4577917768983397,-0.38206859288105155
408.0,Davon Reed,SG,27.0,10.95,-0.8999999999999999,-0.15,0.0,0.0498489425981872,0.0467289719626168,0.084,0.0609179415855354,0.585,1.735,-0.5569056016446234,-0.4619460765790847
409.0,Paul Reed,C,23.0,19.2,-0.1,0.4,2.8,0.1268882175226586,0.0373831775700934,0.304,0.2656119610570236,0.659,4.37,0.3127364663274052,0.29784615822354854
410.0,Naz Reid,C,23.0,18.5,1.0,1.0,3.0,0.3474320241691843,0.102803738317757,0.392,0.4406815020862309,0.512,-0.22,0.49360645756051125,0.5422703674156387
411.0,Jared Rhoden,SG,23.0,6.5,-6.1,-0.2,0.1,0.0966767371601208,0.02803738317757,0.208,0.0730528511821975,0.207,-7.73,-0.8695633045854265,-0.7695850045701697
412.0,Nick Richards,C,25.0,18.3,-1.3,0.2,4.2,0.2477341389728096,0.0560747663551401,0.512,0.4289638386648122,0.329,-5.89,0.4452814516316776,0.5010375252836858
413.0,Josh Richardson,SG,29.0,11.75,-1.2000000000000002,0.15,0.9,0.2870090634441087,0.2289719626168224,0.2079999999999999,0.273452712100139,0.39,-4.095000000000001,-0.26517679652620413,-0.21036748711112987
414.0,Austin Rivers,SG,30.0,7.4,-2.8,-0.2,1.3,0.148036253776435,0.1308411214953271,0.128,0.3593532684283727,0.512,-0.22,-0.5990554333611855,-0.488528465118069
415.0,Duncan Robinson,SF,28.0,7.8,-5.0,-0.5,0.5,0.1933534743202417,0.102803738317757,0.128,0.2453059805285118,0.537,-0.13,-0.7485541792124222,-0.6510886777537777
416.0,Mitchell Robinson,C,24.0,18.9,2.4,1.7,6.5,0.2235649546827794,0.0841121495327102,0.752,0.5618915159944368,0.573,2.99,1.0297174148308774,0.9265466891897111
417.0,Orlando Robinson,C,22.0,13.4,-2.1,0.0,1.1,0.1117824773413897,0.0747663551401869,0.3279999999999999,0.1518428372739916,0.537,-0.13,-0.22785389721137317,-0.17379413836521065
418.0,Jeremiah Robinson-Earl,PF,22.0,13.0,-1.5,0.1,1.9,0.2054380664652567,0.0934579439252336,0.336,0.2889082058414464,0.488,0.96,-0.09904295291110038,-0.18940612946911473
419.0,Isaiah Roby,PF,24.0,9.3,-4.6,-0.3,-0.1,0.1238670694864048,0.0841121495327102,0.2,0.1680458970792767,0.268,-9.82,-0.6909831544378692,-0.525382849542939
420.0,David Roddy,PF,21.0,8.8,-3.9,-0.6,1.1,0.202416918429003,0.0747663551401869,0.2239999999999999,0.4429763560500695,0.622,3.6,-0.5356814160167962,-0.43768785302381635
421.0,Ryan Rollins,PG,20.0,-1.4,-15.0,-0.2,-0.3,0.0574018126888217,0.0467289719626168,0.08,0.0226703755215577,0.537,1.66,-1.6026422991277025,-1.4860985984570627
422.0,Derrick Rose,PG,34.0,10.1,-3.7,-0.1,0.0,0.1691842900302114,0.1588785046728972,0.12,0.1211752433936022,0.573,2.99,-0.6488082143016098,-0.47168992687108835
423.0,Terrence Ross,SG,31.0,11.4,-1.3,-0.0499999999999999,0.8,0.2567975830815709,0.1542056074766355,0.212,0.2376390820584144,0.482,-0.155,-0.35383239569966557,-0.3145407519048295
424.0,Terry Rozier,SG,28.0,14.7,-0.6,0.8,1.7,0.6374622356495468,0.4766355140186916,0.3279999999999999,0.7838317107093186,0.329,-5.89,0.2676094694956791,0.24382662969012936
425.0,Ricky Rubio,PG,32.0,10.4,-2.8,-0.1,0.7,0.1570996978851963,0.3271028037383178,0.168,0.202086230876217,0.622,5.23,-0.4613854929997372,-0.28618873275441653
426.0,D'Angelo Russell,PG,26.0,16.6,1.7999999999999998,1.0,2.55,0.5332326283987915,0.5747663551401869,0.2399999999999999,0.4109527121001391,0.518,0.105,0.49494744028340326,0.36405491529646633
427.0,Matt Ryan,SF,25.0,7.6,-3.7,-0.05,0.15,0.1102719033232627,0.0373831775700934,0.068,0.0565020862308762,0.518,0.105,-0.7671604502326591,-0.6264708538176434
428.0,Domantas Sabonis,C,26.0,23.5,5.8,5.4,12.6,0.5770392749244713,0.6822429906542057,0.984,0.9626564673157162,0.585,2.3,2.61479406999191,2.176459753869966
429.0,Luka Šamanić,PF,23.0,11.0,-2.1,0.0,0.2,0.2990936555891239,0.1962616822429906,0.344,0.0632823365785813,0.451,-1.03,-0.3653725973696553,-0.3706513587448159
430.0,Dario Šarić,C,28.0,15.9,-0.2,0.1,0.7,0.2235649546827794,0.0841121495327102,0.264,0.0989916550764951,0.488,0.96,-0.10379602192327265,-0.15313406199307356
430.0,Dario Šarić,PF,28.0,12.3,-2.0,0.0,0.9,0.175226586102719,0.1401869158878504,0.304,0.1896383866481223,0.549,2.08,-0.3031889883752073,-0.28477476375572586
431.0,Olivier Sarr,C,23.0,11.5,-4.9,-0.1,0.2,0.120845921450151,0.0373831775700934,0.272,0.0433588317107093,0.488,0.96,-0.5453074161483842,-0.46660036761875207
432.0,Jordan Schakel,SF,24.0,24.3,17.0,0.0,0.0,0.0453172205438066,0.0467289719626168,0.0,0.0024339360222531,0.427,-1.06,0.663199936835289,0.39362993263261403
433.0,Admiral Schofield,PF,25.0,10.1,-2.9,-0.1,0.8,0.1268882175226586,0.0747663551401869,0.136,0.1603616133518776,0.415,-2.39,-0.5176149050216715,-0.4603771840453971
434.0,Dennis Schröder,PG,29.0,11.5,-2.9,-0.4,2.8,0.3806646525679758,0.4205607476635514,0.2,0.7003129346314325,0.524,0.43,-0.07887878994657697,0.012172996582340508
435.0,Jay Scrubb,SG,22.0,14.2,-1.9,0.0,0.1,0.1963746223564954,0.0467289719626168,0.24,0.0149513212795549,0.415,-2.39,-0.30433819694006875,-0.2604142177106635
436.0,Dereon Seabron,SG,22.0,4.6,-11.3,0.0,0.0,0.0241691842900302,0.0,0.016,0.0043115438108484,0.512,1.63,-1.1965432071958488,-1.0521430474429452
437.0,Alperen Şengün,C,20.0,19.7,1.4,1.9,5.2,0.4471299093655589,0.3644859813084112,0.72,0.764221140472879,0.268,-7.62,1.0888280427364485,1.024542181257764
438.0,Collin Sexton,PG,24.0,15.9,-1.3,0.2,2.5,0.43202416918429,0.2710280373831776,0.176,0.4057371349095967,0.451,-1.03,0.17634136843733123,0.22925391702459919
439.0,Landry Shamet,SG,25.0,10.9,-1.4,0.1,1.2,0.2628398791540785,0.2149532710280373,0.136,0.2869262865090403,0.549,2.08,-0.2922181685870434,-0.24857797129271864
440.0,Day'Ron Sharpe,C,21.0,17.8,-2.3,0.0,1.6,0.1419939577039275,0.0747663551401869,0.336,0.1952364394993045,0.549,1.03,0.05007022579482007,0.014331978531763866
441.0,Shaedon Sharpe,SG,19.0,11.5,-3.3,-0.6,1.2,0.2990936555891239,0.1121495327102803,0.24,0.6255910987482615,0.402,-3.96,-0.30909873024734036,-0.27428469051119586
442.0,Pascal Siakam,PF,28.0,20.3,3.1,3.4,7.8,0.7311178247734138,0.5420560747663552,0.624,0.93442280945758,0.5,1.59,1.6159825887009291,1.452038491948637
443.0,Chris Silva,PF,26.0,-2.2,-22.6,0.0,0.0,0.0604229607250755,0.0,0.0,0.0013908205841446,0.463,-0.14,-1.9052106836182001,-1.5090354526493175
444.0,Ben Simmons,PG,26.0,13.4,0.4,0.7,2.2,0.2084592145015106,0.5700934579439252,0.504,0.3926634214186369,0.549,1.03,0.22375689958322634,0.02825103505557404
445.0,Kobi Simmons,SG,25.0,9.0,-0.9,0.0,0.0,0.0302114803625377,0.0934579439252336,0.064,0.0109874826147427,0.329,-5.89,-0.629764651526173,-0.49674270314998287
446.0,Marko Simonovic,C,23.0,-0.1,-14.4,-0.1,0.0,0.0271903323262839,0.0,0.024,0.0072670375521557,0.488,1.37,-1.535791313225445,-1.310373488330086
447.0,Anfernee Simons,SG,23.0,14.8,-1.1,0.5,2.5,0.6374622356495468,0.3831775700934579,0.208,0.7663421418636995,0.402,-3.96,0.2802593219400756,0.28461643900558037
448.0,Jericho Sims,C,24.0,13.8,-0.5,0.3,2.6,0.1027190332326283,0.0467289719626168,0.376,0.2870653685674548,0.573,2.99,0.019311833879290637,0.012785579920257764
449.0,Marcus Smart,PG,28.0,12.1,-1.0,0.5,3.7,0.3474320241691843,0.588785046728972,0.248,0.6909248956884562,0.695,6.38,0.23186318432201747,0.21288942221522167
450.0,Dennis Smith Jr.,PG,25.0,11.6,-2.2,-0.1,1.1,0.2658610271903323,0.4485981308411215,0.248,0.4915507649513213,0.329,-5.89,-0.1969582695618055,-0.15576568705774468
451.0,Dru Smith,SG,25.0,10.85,-1.2000000000000002,0.05,0.2,0.0830815709969788,0.1261682242990653,0.132,0.0306849791376912,0.543,0.45,-0.48279789908720305,-0.4360445893695584
452.0,Ish Smith,PG,34.0,6.5,-6.6,-0.5,-0.5,0.0755287009063444,0.2149532710280373,0.104,0.1409248956884562,0.646,3.04,-1.0097098555508415,-0.8746708634392047
453.0,Jabari Smith Jr.,PF,19.0,11.2,-3.7,-1.1,1.9,0.3867069486404834,0.1214953271028037,0.5760000000000001,0.8623087621696801,0.268,-7.62,-0.17480580095078957,-0.07411263864756278
454.0,Jalen Smith,C,22.0,15.9,-2.1,0.0,2.3,0.283987915407855,0.0934579439252336,0.4639999999999999,0.4505563282336578,0.427,-2.91,0.12273368880571427,0.15922859988610472
455.0,Xavier Sneed,SF,25.0,9.5,-3.6,0.0,0.1,0.1299093655589124,0.1214953271028037,0.104,0.0201668984700973,0.329,-5.89,-0.6372219805553434,-0.533014176463544
456.0,Jeremy Sochan,PF,19.0,11.4,-4.0,-0.7,0.2,0.3323262839879154,0.2336448598130841,0.424,0.5152990264255911,0.268,-9.82,-0.3623677305897415,-0.34054377200869107
457.0,Jaden Springer,SG,20.0,17.2,0.3,0.1,0.3,0.0785498489425981,0.0467289719626168,0.072,0.0321974965229485,0.659,4.37,-0.11998277412110157,-0.19150691793085614
458.0,Lamar Stevens,SF,25.0,9.5,-2.8,-0.2,1.9,0.1601208459214501,0.0467289719626168,0.264,0.3950278164116829,0.622,5.23,-0.38823046385343524,-0.3113451970004805
459.0,Isaiah Stewart,C,21.0,13.1,-2.1,0.0,2.0,0.3413897280966767,0.1308411214953271,0.648,0.5007997218358832,0.207,-7.73,0.03946564848181672,0.04177094791874126
460.0,Max Strus,SF,26.0,10.8,-1.7,0.2,3.4,0.3474320241691843,0.1962616822429906,0.256,0.7991655076495132,0.537,-0.13,0.0061288099891198666,0.027281625551647468
461.0,Jalen Suggs,SG,21.0,12.5,-1.0,0.3,1.4,0.2990936555891239,0.2710280373831776,0.24,0.4407162726008345,0.415,-2.39,-0.07570553446655498,-0.03513315778665678
462.0,Edmond Sumner,SG,27.0,14.0,-2.6,-0.1,1.3,0.2145015105740181,0.1214953271028037,0.12,0.260048678720445,0.549,1.03,-0.24073151145075017,-0.14715334233444916
463.0,Cole Swider,SF,23.0,7.4,-3.4,0.0,0.1,0.039274924471299,0.0560747663551401,0.08,0.0156119610570236,0.524,0.43,-0.7688879061491781,-0.6464716381466016
464.0,Jae'Sean Tate,SF,27.0,12.2,-3.5,-0.3,0.7,0.2749244712990936,0.2523364485981308,0.304,0.2422809457579972,0.268,-7.62,-0.33526646589245307,-0.3145407519048295
465.0,Jayson Tatum,SF,24.0,23.7,5.5,5.1,10.5,0.9093655589123868,0.4299065420560747,0.7040000000000001,0.9620653685674548,0.695,6.38,2.328630740885233,2.083041308054732
466.0,Terry Taylor,PF,23.0,16.9,-0.7999999999999998,-0.05,0.15,0.1012084592145014,0.0186915887850467,0.124,0.0479833101529902,0.4575,-0.77,-0.20128212742626564,-0.1823475766109682
467.0,Garrett Temple,SG,36.0,10.5,-1.0,0.0,0.3,0.0604229607250755,0.0467289719626168,0.0559999999999999,0.0578929068150208,0.512,1.63,-0.5972898086353131,-0.5490935730973558
468.0,Dalen Terry,SG,20.0,14.1,0.0,0.1,0.5,0.066465256797583,0.0560747663551401,0.08,0.0756606397774687,0.488,1.37,-0.2559734549224901,-0.2501029492274256
469.0,Daniel Theis,C,30.0,14.2,-1.4,0.0,0.1,0.2114803625377643,0.1214953271028037,0.248,0.0426286509040333,0.427,-2.91,-0.3063102789496561,-0.23552772092900837
470.0,Cam Thomas,SG,21.0,14.7,-2.7,-0.2,1.0,0.3202416918429003,0.1308411214953271,0.136,0.3347009735744089,0.549,1.03,-0.1740276046512769,-0.12778320482007963
471.0,Klay Thompson,SF,32.0,14.7,-0.3,1.0,3.1,0.661631419939577,0.2242990654205607,0.3279999999999999,0.8031988873435327,0.537,1.66,0.34743656765530007,0.282257341061707
472.0,JT Thor,PF,20.0,7.0,-4.7,-0.7,0.2,0.1148036253776434,0.0467289719626168,0.176,0.3410987482614743,0.329,-5.89,-0.791515570726326,-0.645637005682207
473.0,Matisse Thybulle,SF,25.0,10.0,0.1,0.3,1.3,0.0815709969788519,0.0467289719626168,0.104,0.2090055632823365,0.659,4.37,-0.36756738748809603,-0.3513018096783936
473.0,Matisse Thybulle,SG,25.0,11.0,-1.2,0.1,0.9,0.2235649546827794,0.1308411214953271,0.28,0.2206884561891516,0.402,-3.96,-0.3104673898989219,-0.33760559664605694
474.0,Xavier Tillman Sr.,C,24.0,17.3,1.9,1.2,4.2,0.2114803625377643,0.1495327102803738,0.4,0.4163073713490959,0.622,3.6,0.573310946367417,0.5940841640241501
475.0,Isaiah Todd,PF,21.0,-1.0,-14.2,-0.2,-0.2,0.0453172205438066,0.0654205607476635,0.16,0.0240611961057023,0.427,-1.06,-1.5298840733211905,-1.292212258161495
476.0,Obi Toppin,PF,24.0,13.6,-0.5,0.4,2.1,0.2235649546827794,0.0934579439252336,0.2239999999999999,0.3698539638386648,0.573,2.99,-0.023213956382233357,-0.020600017198730794
477.0,Juan Toscano-Anderson,SF,29.0,7.2,-3.85,-0.15,0.25,0.0921450151057401,0.1214953271028037,0.1959999999999999,0.1257649513212795,0.4875,-0.3,-0.7540969561533593,-0.6715923489048217
478.0,Karl-Anthony Towns,PF,27.0,18.8,3.0,1.2,2.7,0.6283987915407855,0.4485981308411215,0.648,0.3435326842837274,0.512,-0.22,0.7583741791538363,0.572287238838647
479.0,Gary Trent Jr.,SG,24.0,15.0,0.2,1.2,4.5,0.525679758308157,0.1495327102803738,0.208,0.7469054242002782,0.5,1.59,0.48960465060073755,0.46917959529114256
480.0,P.J. Tucker,PF,37.0,5.7,-3.0,-0.5,2.5,0.1057401812688821,0.0747663551401869,0.312,0.6757997218358831,0.659,4.37,-0.5844776952896915,-0.40563612120151327
481.0,Myles Turner,C,26.0,20.0,2.1,1.9,5.4,0.5438066465256798,0.1308411214953271,0.6,0.6440890125173853,0.427,-2.91,1.0267634959809178,0.9796239984078694
482.0,Stanley Umude,SG,23.0,65.6,48.6,0.0,0.0,0.0604229607250755,0.0,0.0,0.0006954102920723,0.207,-7.73,3.680307158246148,3.7285546689999873
483.0,Jonas Valančiūnas,C,30.0,19.3,-0.4,0.8,5.8,0.4259818731117824,0.1682242990654205,0.816,0.6922461752433936,0.512,1.63,0.8811749819107546,0.9527289866488529
484.0,Jarred Vanderbilt,PF,23.0,14.6,0.85,0.75,2.55,0.2341389728096676,0.2009345794392523,0.5840000000000001,0.3343358831710708,0.4875,-0.3,0.27402736319791154,0.25437928872428395
485.0,Fred VanVleet,PG,28.0,17.0,2.5,2.9,6.5,0.5830815709969789,0.6728971962616823,0.3279999999999999,0.8934979137691237,0.5,1.59,1.1816303683551395,1.1301706542651537
486.0,Devin Vassell,SG,22.0,15.5,0.4,0.7,1.2,0.5589123867069486,0.3364485981308411,0.312,0.4196801112656467,0.268,-9.82,0.2216907419620859,0.4022321749167307
487.0,Gabe Vincent,PG,26.0,9.0,-3.4,-0.6,1.4,0.283987915407855,0.2336448598130841,0.168,0.6199235048678721,0.537,-0.13,-0.4456862548869171,-0.3340815892422778
488.0,Noah Vonleh,C,27.0,5.9,-6.3,-0.2,0.2,0.0332326283987915,0.02803738317757,0.168,0.0613351877607788,0.695,6.38,-0.9456606165029643,-0.8126013977079727
489.0,Nikola Vučević,C,32.0,19.1,2.7,3.2,8.3,0.5317220543806647,0.2990654205607477,0.88,0.965751043115438,0.488,1.37,1.5104873912913832,1.4426475491299495
490.0,Dean Wade,PF,26.0,8.5,-0.7,0.3,1.8,0.1419939577039275,0.0747663551401869,0.272,0.3161682892906814,0.622,5.23,-0.3458822675247392,-0.3765219437112485
491.0,Franz Wagner,SF,21.0,15.9,-0.1,1.3,5.4,0.5619335347432024,0.3271028037383178,0.3279999999999999,0.9178025034770514,0.415,-2.39,0.7440680035122851,0.6252058587944342
492.0,Moritz Wagner,C,25.0,17.4,0.6,0.7,3.4,0.3172205438066465,0.1401869158878504,0.36,0.3916898470097357,0.415,-2.39,0.41988716661328784,0.4366145546617394
493.0,Ish Wainright,SF,28.0,9.2,-1.2,0.2,1.7,0.1268882175226586,0.0841121495327102,0.184,0.3227746870653685,0.549,2.08,-0.3814327010814854,-0.2944206027222102
494.0,Jabari Walker,SF,20.0,9.6,-6.1,-0.6,0.2,0.1178247734138972,0.0560747663551401,0.184,0.2183936022253129,0.402,-3.96,-0.7050157611325107,-0.5334260653791357
495.0,Kemba Walker,PG,32.0,15.0,-0.3,0.1,0.3,0.2416918429003021,0.1962616822429906,0.144,0.0549374130737134,0.463,-0.14,-0.214767530690184,-0.2025303605027434
496.0,Lonnie Walker IV,SG,24.0,12.2,-1.4,0.2,1.8,0.3534743202416918,0.102803738317757,0.152,0.4583449235048679,0.524,0.43,-0.14460894573363248,-0.06958657749602792
497.0,John Wall,PG,32.0,13.6,-1.2,0.1,0.3,0.3444108761329305,0.485981308411215,0.216,0.2695410292072323,0.537,0.31,-0.16922039959166982,-0.08632917909536189
498.0,T.J. Warren,PF,29.0,14.3,-2.0,0.0,0.8,0.2870090634441087,0.102803738317757,0.2239999999999999,0.1762169680111265,0.549,1.03,-0.2269180115580745,-0.06816266066658354
498.0,T.J. Warren,SF,29.0,11.6,-1.9,0.0,0.3,0.1268882175226586,0.0654205607476635,0.248,0.0720792767732962,0.549,2.08,-0.45711746291482624,-0.15821097017325828
499.0,Duane Washington Jr.,SG,22.0,9.3,-4.6,-0.3,-0.5,0.2386706948640483,0.1869158878504673,0.096,0.1407162726008345,0.549,2.08,-0.6933490226567327,-0.5314408325647544
500.0,P.J. Washington,PF,24.0,12.9,-1.3,0.4,2.6,0.4743202416918428,0.2242990654205607,0.392,0.8381780250347705,0.329,-5.89,0.14911365885477387,0.10146094977754933
501.0,TyTy Washington Jr.,PG,21.0,7.5,-6.3,-0.5,-0.1,0.1419939577039275,0.1401869158878504,0.12,0.1547287899860918,0.268,-7.62,-0.8350999102230999,-0.6981972316541587
502.0,Yuta Watanabe,SF,28.0,12.1,-0.6,0.3,2.1,0.1691842900302114,0.0747663551401869,0.192,0.327538247566064,0.549,1.03,-0.1621180249786247,-0.05594732411743938
503.0,Lindy Waters III,SG,25.0,11.8,0.1,0.3,1.1,0.1570996978851963,0.0654205607476635,0.144,0.1884561891515994,0.488,0.96,-0.26688318094714336,-0.23179501387754373
504.0,Trendon Watford,PF,22.0,13.6,-1.8,0.1,2.1,0.2235649546827794,0.1962616822429906,0.304,0.416933240611961,0.402,-3.96,-0.024029370220653944,0.0159661750074475
505.0,Peyton Watson,SG,20.0,12.8,-2.8,0.0,0.3,0.0996978851963746,0.0467289719626168,0.128,0.0667941585535465,0.646,3.04,-0.41870279591629683,-0.3816979647043331
506.0,Blake Wesley,SG,19.0,3.5,-9.6,-1.3,-1.6,0.1510574018126888,0.2523364485981308,0.176,0.2382127955493741,0.268,-9.82,-1.2844177369592695,-0.992143251096294
507.0,Russell Westbrook,PG,34.0,16.55,0.35,0.6,0.95,0.4788519637462235,0.705607476635514,0.444,0.3791550764951321,0.5305,0.37,0.28286837781996166,0.24942757700338777
508.0,Coby White,SG,22.0,12.5,-0.8,0.5,3.1,0.2930513595166162,0.2616822429906542,0.2319999999999999,0.608970792767733,0.488,1.37,0.11861620036378205,0.08994404306072493
509.0,Derrick White,SG,28.0,15.4,2.4,2.6,7.4,0.3746223564954682,0.3644859813084112,0.288,0.8154728789986092,0.695,6.38,1.0112325768197044,0.9664766215439038
510.0,Jack White,SF,25.0,12.6,-1.9,0.0,0.1,0.0362537764350453,0.0186915887850467,0.08,0.0236091794158553,0.646,3.04,-0.4886635241038578,-0.4912533686819037
511.0,Joe Wieskamp,SF,23.0,-0.4,-10.6,-0.1,-0.1,0.0302114803625377,0.02803738317757,0.032,0.0186369958275382,0.5,1.59,-1.429009732587092,-1.2513416484102198
512.0,Aaron Wiggins,SG,24.0,12.2,-2.1,0.0,2.6,0.2054380664652567,0.102803738317757,0.24,0.4567107093184979,0.488,0.96,-0.1164622396642975,-0.06048458024477028
513.0,Andrew Wiggins,SF,27.0,14.7,-0.5,0.5,2.3,0.5166163141993958,0.2149532710280373,0.4,0.424269819193324,0.537,1.66,0.19750070453740506,0.10620883804750007
514.0,Lindell Wigginton,PG,24.0,11.8,-6.7,-0.1,0.1,0.2145015105740181,0.1869158878504673,0.08,0.0338664812239221,0.707,3.61,-0.5917316808318233,-0.5367962779372324
515.0,Alondes Williams,SG,23.0,-20.9,-26.5,0.0,-0.1,0.0,0.0,0.08,0.0027816411682892,0.549,1.03,-2.930186301288523,-2.612183163564433
516.0,Donovan Williams,SG,21.0,14.5,-15.2,0.0,0.0,0.0604229607250755,0.0,0.08,0.0013908205841446,0.5,0.32,-0.8027731324334219,-0.6303442592445242
517.0,Grant Williams,PF,24.0,10.3,-1.1,0.5,4.4,0.2447129909365558,0.1588785046728972,0.368,0.7193671766342142,0.695,6.38,0.12468803079955548,0.11308073819841014
518.0,Jalen Williams,SG,21.0,15.6,0.3,1.3,5.6,0.4259818731117824,0.308411214953271,0.36,0.8012169680111266,0.488,0.96,0.722346600735395,0.7539173293831126
519.0,Jaylin Williams,C,20.0,11.2,-1.7,0.1,1.9,0.1782477341389728,0.1495327102803738,0.392,0.3236091794158554,0.488,0.96,-0.15499060688665828,-0.18940612946911473
520.0,Jeenathan Williams,SG,23.0,15.5,-3.0,0.0,0.3,0.3202416918429003,0.1869158878504673,0.24,0.0522948539638386,0.402,-3.96,-0.18962741900092525,-0.1871840399290603
521.0,Kenrich Williams,PF,28.0,14.4,0.5,0.8,3.3,0.2416918429003021,0.1869158878504673,0.392,0.4265646731571627,0.488,0.96,0.25710447067472586,0.2782890601475301
522.0,Mark Williams,C,21.0,19.8,0.1,0.4,2.8,0.2719033232628399,0.0373831775700934,0.568,0.2939151599443672,0.329,-5.89,0.4683227202095711,0.29784615822354854
523.0,Patrick Williams,PF,21.0,11.2,-1.3,0.4,3.5,0.3081570996978852,0.1121495327102803,0.32,0.8168636995827538,0.488,1.37,0.08034149917921553,0.13511450321136467
524.0,Robert Williams,C,25.0,19.8,3.3,1.1,3.8,0.2416918429003021,0.1308411214953271,0.664,0.2939847009735744,0.695,6.38,0.7484227884639962,0.6124747922249179
525.0,Vince Williams Jr.,SG,22.0,3.9,-8.5,-0.2,-0.1,0.0604229607250755,0.02803738317757,0.08,0.0382475660639777,0.622,3.6,-1.132797214379138,-1.008890869185536
526.0,Ziaire Williams,SF,21.0,7.4,-5.6,-0.5,0.1,0.1722054380664652,0.0841121495327102,0.168,0.1996522948539638,0.622,3.6,-0.7894827247188548,-0.7013494252202155
527.0,Zion Williamson,PF,22.0,25.2,5.8,1.9,3.6,0.7854984894259819,0.4299065420560747,0.56,0.3431849791376912,0.512,1.63,1.3467620381912129,1.238399321473651
528.0,Dylan Windler,SF,26.0,19.0,6.7,0.0,0.0,0.0513595166163141,0.02803738317757,0.0,0.0039290681502086,0.622,5.23,0.06347845792070755,0.04690254700057444
529.0,Justise Winslow,PF,26.0,9.3,-2.8,-0.2,0.4,0.2054380664652567,0.3177570093457944,0.4,0.2784422809457579,0.402,-3.96,-0.4405852036554846,-0.36328291939618473
530.0,James Wiseman,C,21.0,16.05,-3.0,-0.2,0.7,0.29607250755287,0.0654205607476635,0.464,0.1565890125173852,0.372,-3.035,-0.09834947659839505,-0.0870636663731113
531.0,Christian Wood,C,27.0,20.6,1.7,1.6,4.8,0.5015105740181269,0.1682242990654205,0.584,0.6126216968011127,0.463,-0.14,0.9460254157087888,1.0895970570164883
532.0,Delon Wright,PG,30.0,16.3,3.4,1.7,3.7,0.2235649546827794,0.3644859813084112,0.288,0.432336578581363,0.427,-1.06,0.5628379291606758,0.5603388291203939
533.0,McKinley Wright IV,PG,24.0,12.4,-2.7,-0.1,0.5,0.1268882175226586,0.1962616822429906,0.136,0.1200973574408901,0.463,-0.14,-0.3925352105154046,-0.3344574487227081
534.0,Gabe York,SG,29.0,11.8,-3.5,0.0,0.1,0.2416918429003021,0.1588785046728972,0.16,0.0252781641168289,0.427,-2.91,-0.491916558850869,-0.4320104436014721
535.0,Thaddeus Young,PF,34.0,14.1,0.1,0.4,1.8,0.1329305135951661,0.1308411214953271,0.248,0.2808414464534075,0.5,1.59,-0.08050240362148188,0.025417451738448227
536.0,Trae Young,PG,24.0,22.0,3.3,3.4,6.7,0.7915407854984894,0.9532710280373832,0.24,0.8949235048678721,0.5,0.32,1.6411366934096263,1.4462714709572604
537.0,Omer Yurtseven,C,24.0,16.7,-3.9,0.0,0.3,0.1329305135951661,0.0186915887850467,0.208,0.0313630041724617,0.537,-0.13,-0.26681655983403996,-0.20071178051814215
538.0,Cody Zeller,C,30.0,16.4,-2.8,0.0,0.7,0.1963746223564954,0.0654205607476635,0.344,0.079798331015299,0.537,-0.13,-0.1732299758816419,-0.26795080857602593
539.0,Ivica Zubac,C,25.0,16.7,-0.9,0.6,6.7,0.3262839879154078,0.0934579439252336,0.792,0.763769123783032,0.537,0.31,0.7945265859327795,0.7340354576758709
