Rk,Player,Pos,Age,PER,BPM,VORP,WS,PTS,AST,TRB,MP,WLp,SRS,Trade Value,Predicted Trade Value (RandomForest)
249,Nikola Jokić,C,27,31.5,13,8.8,14.9,0.740181269,0.91588785,0.944,0.818741307,0.646,3.04,3.60873971,3.284469868
143,Joel Embiid,C,28,31.4,9.2,6.4,12.3,1,0.392523364,0.816,0.805493741,0.659,4.37,2.905893096,2.630865142
125,Luka Dončić,PG,23,28.7,8.9,6.6,10.2,0.978851964,0.747663551,0.688,0.84325452,0.463,-0.14,2.718151568,2.542349801
11,Giannis Antetokounmpo,PF,28,29,8.5,5.4,8.6,0.939577039,0.53271028,0.944,0.71422114,0.707,3.61,2.617964129,2.363568352
164,Shai Gilgeous-Alexander,PG,24,27.2,7.3,5.6,11.4,0.948640483,0.514018692,0.384,0.851703755,0.488,0.96,2.310521796,2.271726643
75,Jimmy Butler,PF,33,27.6,8.7,5.8,12.3,0.6918429,0.495327103,0.472,0.754311544,0.537,-0.13,2.260508167,2.177797619
428,Domantas Sabonis,C,26,23.5,5.8,5.4,12.6,0.577039275,0.682242991,0.984,0.962656467,0.585,2.3,2.493172358,2.126046767
465,Jayson Tatum,SF,24,23.7,5.5,5.1,10.5,0.909365559,0.429906542,0.704,0.962065369,0.695,6.38,2.389898013,2.076685982
292,Damian Lillard,PG,32,26.7,7.1,4.9,9,0.972809668,0.682242991,0.384,0.744541029,0.402,-3.96,1.99117947,1.947842985
338,Donovan Mitchell,SG,26,22.9,6.3,5,8.9,0.854984894,0.411214953,0.344,0.857371349,0.622,5.23,1.984864348,1.9147148
108,Stephen Curry,PG,34,24.1,7.5,4.7,7.8,0.888217523,0.588785047,0.488,0.686265647,0.537,1.66,1.952337158,1.890324638
110,Anthony Davis,C,29,27.8,6.3,4,9,0.782477341,0.242990654,1,0.673157163,0.524,0.43,2.01297969,1.790989504
405,Julius Randle,PF,28,20.3,3.7,3.9,8.1,0.758308157,0.38317757,0.8,0.963317107,0.573,2.99,1.801700062,1.749646485
346,Ja Morant,PG,23,23.3,5.7,3.8,6,0.791540785,0.757009346,0.472,0.687726008,0.622,3.6,1.839497577,1.743796432
186,Tyrese Haliburton,PG,22,23.6,7.2,4.4,7.6,0.625377644,0.971962617,0.296,0.665716273,0.427,-2.91,1.77234573,1.717379648
239,LeBron James,PF,38,23.9,6.1,4,5.6,0.873111782,0.635514019,0.664,0.691063978,0.524,0.43,1.768834794,1.709190762
190,James Harden,PG,33,21.6,5.4,4,8.4,0.634441088,1,0.488,0.754450626,0.659,4.37,1.968150172,1.708547022
536,Trae Young,PG,24,22,3.3,3.4,6.7,0.791540785,0.953271028,0.24,0.894923505,0.5,0.32,1.637567512,1.625099086
69,Jalen Brunson,PG,26,21.2,3.9,3.5,8.7,0.725075529,0.579439252,0.28,0.838664812,0.573,2.99,1.597104141,1.604608543
288,Kawhi Leonard,SF,31,23.9,6.1,3.5,7.1,0.719033233,0.364485981,0.52,0.618776078,0.537,0.31,1.517727252,1.581277607
442,Pascal Siakam,PF,28,20.3,3.1,3.4,7.8,0.731117825,0.542056075,0.624,0.934422809,0.5,1.59,1.615782507,1.545052213
49,Devin Booker,SG,26,22,4.2,2.9,6,0.839879154,0.514018692,0.36,0.649374131,0.549,2.08,1.409201013,1.507177417
393,Kristaps Porziņģis,C,27,23.1,4.3,3.4,7.7,0.700906344,0.252336449,0.672,0.747774687,0.427,-1.06,1.449683639,1.47443616
307,Lauri Markkanen,PF,25,22.1,3.8,3.3,8.2,0.773413897,0.177570093,0.688,0.801599444,0.451,-1.03,1.473183521,1.449343427
489,Nikola Vučević,C,32,19.1,2.7,3.2,8.3,0.531722054,0.299065421,0.88,0.965751043,0.488,1.37,1.457930658,1.413616662
153,De'Aaron Fox,PG,25,21.8,2.5,2.7,7.4,0.755287009,0.570093458,0.336,0.857579972,0.585,2.3,1.456404705,1.406639742
214,Jrue Holiday,PG,32,19.2,3.1,2.8,6.7,0.583081571,0.691588785,0.408,0.769680111,0.707,3.61,1.409016855,1.35552037
157,Darius Garland,PG,23,18.8,2.4,2.7,7.6,0.652567976,0.728971963,0.216,0.862482615,0.622,5.23,1.43119252,1.339588938
94,Nic Claxton,C,23,20.8,3.1,2.9,9.2,0.380664653,0.177570093,0.736,0.79933936,0.549,1.03,1.327975718,1.306631783
64,Jaylen Brown,SF,26,19.1,1.3,2,5,0.803625378,0.327102804,0.552,0.848018081,0.695,6.38,1.279775388,1.279258068
485,Fred VanVleet,PG,28,17,2.5,2.9,6.5,0.583081571,0.672897196,0.328,0.893497914,0.5,1.59,1.214354078,1.278307715
283,Zach LaVine,SG,27,19,1.9,2.7,7.1,0.749244713,0.392523364,0.36,0.974235049,0.488,1.37,1.238353385,1.272568237
117,DeMar DeRozan,SF,33,20.6,2,2.6,8.5,0.740181269,0.476635514,0.368,0.944436718,0.488,1.37,1.335810045,1.24222733
297,Brook Lopez,C,34,18.4,2.1,2.5,8,0.480362538,0.121495327,0.536,0.834979138,0.707,3.61,1.120286343,1.233906306
8,Jarrett Allen,C,24,19.9,2.4,2.4,9.5,0.432024169,0.158878505,0.784,0.782545202,0.622,5.23,1.376696793,1.230099368
527,Zion Williamson,PF,22,25.2,5.8,1.9,3.6,0.785498489,0.429906542,0.56,0.343184979,0.512,1.63,1.251042265,1.222674992
339,Evan Mobley,PF,21,17.9,1.7,2.5,8.5,0.489425982,0.261682243,0.72,0.955285118,0.622,5.23,1.390458266,1.21151351
235,Jaren Jackson Jr.,C,23,21.6,2.8,2.2,6.6,0.561933535,0.093457944,0.544,0.630528512,0.622,3.6,1.106437764,1.20176684
137,Kevin Durant,PF,34,25.25,7.5,1.95,3.4,0.841389728,0.411214953,0.524,0.302086231,0.549,1.555,1.253851445,1.181827339
169,Aaron Gordon,PF,27,19.5,2.1,2.1,6.8,0.49244713,0.280373832,0.528,0.72433936,0.646,3.04,1.089161224,1.171730436
24,Desmond Bane,SG,24,19.1,3.5,2.5,5.8,0.649546828,0.411214953,0.4,0.650452017,0.622,3.6,1.199872367,1.155441414
60,Malcolm Brogdon,PG,30,18.2,2.8,2.1,5.8,0.450151057,0.345794393,0.336,0.614742698,0.695,6.38,0.968499216,1.12314665
230,Kyrie Irving,PG,30,21.6,3.8,2.2,4.3,0.818731118,0.495327103,0.408,0.526077886,0.549,1.03,1.147209329,1.079999716
352,Jamal Murray,PG,25,18,1.3,1.8,5.1,0.604229607,0.579439252,0.32,0.752364395,0.646,3.04,1.029400324,1.071400974
3,Bam Adebayo,C,25,20.1,1.5,2.3,7.4,0.616314199,0.299065421,0.736,0.914673157,0.537,-0.13,1.289082359,1.061894727
320,CJ McCollum,SG,31,15.6,0.8,1.9,4.3,0.63141994,0.53271028,0.352,0.932649513,0.512,1.63,0.872476153,1.058058325
403,Immanuel Quickley,SG,23,16.3,1.7,2.1,6.7,0.450151057,0.317757009,0.336,0.824374131,0.573,2.99,0.910404409,1.030100474
380,Chris Paul,PG,37,17.7,3.2,2.5,6.2,0.419939577,0.831775701,0.344,0.667246175,0.549,2.08,1.102199457,1.021298463
509,Derrick White,SG,28,15.4,2.4,2.6,7.4,0.374622356,0.364485981,0.288,0.815472879,0.695,6.38,1.043617801,1.002252947
163,Josh Giddey,PF,20,17.1,1.2,1.9,4,0.501510574,0.579439252,0.632,0.8331363,0.488,0.96,1.013116268,0.992535968
140,Anthony Edwards,SG,21,17.4,1,2.1,3.8,0.743202417,0.411214953,0.464,1,0.512,-0.22,1.029580182,0.985266277
351,Dejounte Murray,SG,26,17,1,2.1,4.7,0.619335347,0.570093458,0.424,0.948331015,0.5,0.32,1.011402239,0.981657737
161,Paul George,SF,32,19.6,2.8,2.3,4.6,0.719033233,0.476635514,0.488,0.685535466,0.537,0.31,1.090644415,0.952714633
197,Tobias Harris,SF,30,14.8,0.7,1.7,5.9,0.444108761,0.23364486,0.456,0.857753825,0.659,4.37,0.806496233,0.928213883
350,Trey Murphy III,SF,22,15.2,1.8,2.3,7.6,0.438066465,0.130841121,0.288,0.861265647,0.512,1.63,0.795165324,0.91675777
481,Myles Turner,C,26,20,2.1,1.9,5.4,0.543806647,0.130841121,0.6,0.644089013,0.427,-2.91,0.773862942,0.89802989
17,Deandre Ayton,C,24,19.9,0.9,1.5,6.2,0.543806647,0.158878505,0.8,0.717454798,0.549,2.08,1.017719712,0.893034742
316,Tyrese Maxey,SG,22,17,0.6,1.3,5.4,0.613293051,0.327102804,0.232,0.711961057,0.659,4.37,0.80376029,0.884507073
296,Kevon Looney,C,26,17.8,2.1,2,8.7,0.211480363,0.23364486,0.744,0.688421419,0.537,1.66,0.986354371,0.87746101
531,Christian Wood,C,27,20.6,1.7,1.6,4.8,0.501510574,0.168224299,0.584,0.612621697,0.463,-0.14,0.744227658,0.87673166
437,Alperen Şengün,C,20,19.7,1.4,1.9,5.2,0.447129909,0.364485981,0.72,0.76422114,0.268,-7.62,0.77930375,0.875778686
265,Walker Kessler,C,21,21.5,2.9,2.1,7.1,0.277945619,0.08411215,0.672,0.599443672,0.451,-1.03,0.872844796,0.874157864
28,Scottie Barnes,SF,21,15.5,0.4,1.6,5,0.46223565,0.448598131,0.528,0.94255911,0.5,1.59,0.870855722,0.870652377
81,Clint Capela,C,28,22.1,2.2,1.8,7.2,0.362537764,0.08411215,0.88,0.610083449,0.5,0.32,0.995651938,0.865547858
230,Kyrie Irving,SG,30,24,4.9,1.3,3.1,0.81570997,0.560747664,0.4,0.277885953,0.463,-0.14,0.975309653,0.860577892
217,Al Horford,C,36,13.8,3.3,2.5,6.3,0.296072508,0.280373832,0.496,0.678198887,0.695,6.38,0.905497215,0.859761019
222,Kevin Huerter,SG,24,15.2,1,1.7,4.9,0.459214502,0.271028037,0.264,0.775521558,0.585,2.3,0.640586857,0.844042364
35,Bradley Beal,SG,29,19.7,1.8,1.6,3.4,0.700906344,0.504672897,0.312,0.592663421,0.427,-1.06,0.74076265,0.837685341
229,Brandon Ingram,SF,25,19.2,1.7,1.4,3.5,0.746223565,0.542056075,0.44,0.54596662,0.512,1.63,0.910239246,0.825436241
58,Mikal Bridges,SG,26,21.3,3.3,1.2,2.5,0.788519637,0.252336449,0.36,0.332127955,0.549,1.03,0.718207583,0.792361569
208,Tyler Herro,SG,23,15.3,0.6,1.6,3.5,0.607250755,0.392523364,0.432,0.824026426,0.537,-0.13,0.735545834,0.789029051
256,Tyus Jones,PG,26,16,1.6,1.7,5.7,0.311178248,0.485981308,0.2,0.682301808,0.622,3.6,0.712484724,0.782133876
209,Buddy Hield,SF,30,15.4,1.9,2.4,4.4,0.50755287,0.261682243,0.4,0.873087622,0.427,-2.91,0.660091717,0.781270626
58,Mikal Bridges,SF,26,14.8,1,1.6,4.9,0.519637462,0.336448598,0.344,0.721279555,0.549,2.08,0.674835926,0.762760276
10,Kyle Anderson,PF,29,14.8,2.5,2.2,5.1,0.283987915,0.457943925,0.424,0.689638387,0.512,-0.22,0.699235932,0.759894399
167,Rudy Gobert,C,30,18.9,0.7,1.4,7.8,0.404833837,0.112149533,0.928,0.756849791,0.512,-0.22,0.947511251,0.736525407
392,Bobby Portis,PF,27,17.8,0.7,1.2,5.3,0.425981873,0.140186916,0.768,0.640472879,0.707,3.61,0.852181582,0.727346827
416,Mitchell Robinson,C,24,18.9,2.4,1.7,6.5,0.223564955,0.08411215,0.752,0.561891516,0.573,2.99,0.826054886,0.715160464
372,Onyeka Okongwu,C,22,19.4,0.8,1.3,7.1,0.299093656,0.093457944,0.576,0.650243394,0.5,0.32,0.679338788,0.690720829
14,OG Anunoby,SF,25,14.6,0.4,1.5,4.7,0.50755287,0.186915888,0.4,0.841307371,0.5,1.59,0.590683103,0.6890196
518,Jalen Williams,SG,21,15.6,0.3,1.3,5.6,0.425981873,0.308411215,0.36,0.801216968,0.488,0.96,0.623224336,0.670993845
471,Klay Thompson,SF,32,14.7,-0.3,1,3.1,0.66163142,0.224299065,0.328,0.803198887,0.537,1.66,0.463604349,0.664170679
176,Draymond Green,PF,32,12.2,0.8,1.6,4.7,0.256797583,0.635514019,0.576,0.808936022,0.537,1.66,0.708433011,0.663064131
491,Franz Wagner,SF,21,15.9,-0.1,1.3,5.4,0.561933535,0.327102804,0.328,0.917802503,0.415,-2.39,0.622793765,0.654058828
21,LaMelo Ball,PG,21,17.9,2.4,1.4,1.8,0.703927492,0.785046729,0.512,0.452433936,0.329,-5.89,0.737852662,0.645224236
478,Karl-Anthony Towns,PF,27,18.8,3,1.2,2.7,0.628398792,0.448598131,0.648,0.343532684,0.512,-0.22,0.777419925,0.638954977
390,Michael Porter Jr.,SF,24,16.8,0.2,1,4.3,0.525679758,0.093457944,0.44,0.634561892,0.646,3.04,0.573407335,0.634319671
329,De'Anthony Melton,SG,24,12.7,0.9,1.6,4.2,0.305135952,0.242990654,0.328,0.756571627,0.659,4.37,0.531172686,0.631394818
123,Spencer Dinwiddie,SG,29,16.1,0.9,1.3,4.3,0.534743202,0.495327103,0.248,0.639812239,0.463,-0.14,0.554077795,0.626661751
479,Gary Trent Jr.,SG,24,15,0.2,1.2,4.5,0.525679758,0.14953271,0.208,0.746905424,0.5,1.59,0.413998087,0.623355143
483,Jonas Valančiūnas,C,30,19.3,-0.4,0.8,5.8,0.425981873,0.168224299,0.816,0.692246175,0.512,1.63,0.738815562,0.614072156
389,Kevin Porter Jr.,PG,22,16.2,0.6,1.3,2.9,0.580060423,0.53271028,0.424,0.714986092,0.268,-7.62,0.460514384,0.591705298
172,Jerami Grant,PF,28,16,-0.2,1,4.1,0.619335347,0.224299065,0.36,0.792663421,0.402,-3.96,0.404170071,0.579023022
342,Malik Monk,SG,24,16.6,0.3,1,3.2,0.407854985,0.364485981,0.208,0.604763561,0.585,2.3,0.417168413,0.564961483
156,Daniel Gafford,C,24,19.7,1,1.2,6.1,0.271903323,0.102803738,0.448,0.56418637,0.427,-1.06,0.457261395,0.554431534
84,Wendell Carter Jr.,C,23,17.3,1,1.3,4.6,0.459214502,0.214953271,0.696,0.597218359,0.415,-2.39,0.612180374,0.548255312
62,Bruce Brown,SF,26,13.3,-0.5,0.9,4.3,0.347432024,0.317757009,0.328,0.801981919,0.646,3.04,0.459133517,0.545363557
290,Caris LeVert,SG,28,12.4,-0.2,1,4.4,0.365558912,0.364485981,0.304,0.787621697,0.622,5.23,0.492398942,0.537114396
532,Delon Wright,PG,30,16.3,3.4,1.7,3.7,0.223564955,0.364485981,0.288,0.432336579,0.427,-1.06,0.347093002,0.532652276
46,Bojan Bogdanović,PF,33,17.4,0.8,1.4,3.5,0.652567976,0.242990654,0.304,0.668671766,0.207,-7.73,0.256224636,0.528384789
154,Markelle Fultz,PG,24,16.6,0.5,1.2,3.7,0.422960725,0.53271028,0.312,0.627816412,0.415,-2.39,0.46569622,0.525474729
27,Harrison Barnes,PF,30,14.1,-1,0.7,6.5,0.453172205,0.14953271,0.36,0.936196106,0.585,2.3,0.519893961,0.521559722
449,Marcus Smart,PG,28,12.1,-1,0.5,3.7,0.347432024,0.588785047,0.248,0.690924896,0.695,6.38,0.45914455,0.520651397
388,Jordan Poole,PG,23,14.6,-1.9,0.1,3.2,0.616314199,0.420560748,0.216,0.864394993,0.537,1.66,0.399142051,0.511649971
396,Norman Powell,SG,29,17.1,0.3,0.9,3.5,0.513595166,0.168224299,0.232,0.553233658,0.537,0.31,0.301274073,0.506294741
92,Brandon Clarke,PF,26,20,2.5,1.3,4.5,0.302114804,0.121495327,0.44,0.385083449,0.622,3.6,0.573578051,0.500146206
124,Donte DiVincenzo,SG,26,12.8,0.7,1.3,4.2,0.283987915,0.327102804,0.36,0.667002782,0.537,1.66,0.393750585,0.496495772
356,Larry Nance Jr.,C,30,16,2,1.4,4.9,0.205438066,0.168224299,0.432,0.486856745,0.512,1.63,0.382439285,0.494901697
426,D'Angelo Russell,PG,26,16.6,1.8,1,2.55,0.533232628,0.574766355,0.24,0.410952712,0.518,0.105,0.485889347,0.489456259
406,Austin Reaves,SG,24,14.9,0.7,1.2,5.4,0.392749245,0.317757009,0.24,0.650139082,0.524,0.43,0.463915418,0.475094374
13,Cole Anthony,PG,22,16,1.3,1.3,3.7,0.392749245,0.364485981,0.384,0.54794854,0.415,-2.39,0.413894913,0.467375964
353,Keegan Murray,SF,22,12.3,-0.6,0.8,4.3,0.36858006,0.112149533,0.368,0.837899861,0.585,2.3,0.344502296,0.454118495
386,Jakob Poeltl,C,27,21.4,2.25,0.95,3,0.380664653,0.247663551,0.724,0.339933936,0.384,-4.115,0.475836101,0.446637725
424,Terry Rozier,SG,28,14.7,-0.6,0.8,1.7,0.637462236,0.476635514,0.328,0.783831711,0.329,-5.89,0.266610494,0.4459814
376,Kelly Olynyk,C,31,14.4,0.4,1.2,4.3,0.377643505,0.345794393,0.496,0.68449235,0.451,-1.03,0.436453155,0.442857622
7,Grayson Allen,SG,27,12.3,0.1,1,5.1,0.314199396,0.214953271,0.264,0.694506259,0.707,3.61,0.401233813,0.440344703
474,Xavier Tillman Sr.,C,24,17.3,1.9,1.2,4.2,0.211480363,0.14953271,0.4,0.416307371,0.622,3.6,0.426518921,0.43937601
539,Ivica Zubac,C,25,16.7,-0.9,0.6,6.7,0.326283988,0.093457944,0.792,0.763769124,0.537,0.31,0.623123289,0.438276347
51,Chris Boucher,PF,30,18,-0.1,0.7,5,0.283987915,0.037383178,0.44,0.53581363,0.5,1.59,0.269001841,0.431746533
243,Cameron Johnson,PF,26,17.15,2.9,0.7,1.75,0.460725076,0.168224299,0.344,0.217489569,0.549,1.555,0.254153783,0.430704053
410,Naz Reid,C,23,18.5,1,1,3,0.347432024,0.102803738,0.392,0.440681502,0.512,-0.22,0.282352292,0.42767549
332,Khris Middleton,SF,31,17.4,0.8,0.6,1.9,0.456193353,0.457943925,0.336,0.286265647,0.707,3.61,0.415291519,0.416996472
184,Quentin Grimes,SG,22,11.7,-0.1,1,4.8,0.341389728,0.196261682,0.256,0.747183588,0.573,2.99,0.336809392,0.412414432
5,Santi Aldama,PF,22,13.9,0.5,1.1,4.6,0.271903323,0.121495327,0.384,0.591724618,0.622,3.6,0.38276322,0.410819494
23,Paolo Banchero,PF,20,14.9,-1.5,0.3,2.4,0.604229607,0.345794393,0.552,0.855980529,0.415,-2.39,0.422763266,0.40791839
278,Kyle Kuzma,PF,27,14.3,-1.7,0.2,0.9,0.640483384,0.345794393,0.576,0.789986092,0.427,-1.06,0.310187377,0.40639191
93,Jordan Clarkson,SG,30,14.7,-1.4,0.3,1.7,0.628398792,0.411214953,0.32,0.701877608,0.451,-1.03,0.237660134,0.403385915
2,Steven Adams,C,29,17.5,0.6,0.7,3.4,0.259818731,0.214953271,0.92,0.402642559,0.622,3.6,0.581727682,0.393570446
524,Robert Williams,C,25,19.8,3.3,1.1,3.8,0.241691843,0.130841121,0.664,0.293984701,0.695,6.38,0.689295041,0.381845454
123,Spencer Dinwiddie,PG,29,15.8,0.2,0.5,2,0.498489426,0.85046729,0.328,0.3304242,0.549,1.03,0.470138608,0.372069326
507,Russell Westbrook,PG,34,16.55,0.35,0.6,0.95,0.478851964,0.705607477,0.444,0.379155076,0.5305,0.37,0.399000386,0.368121069
253,Herbert Jones,PF,24,12.1,-0.3,0.8,4.2,0.296072508,0.23364486,0.328,0.687969402,0.512,1.63,0.234387402,0.362100751
349,Monte Morris,PG,27,15,0.5,1.1,4.2,0.311178248,0.495327103,0.272,0.598157163,0.427,-1.06,0.341568873,0.356118663
300,Kyle Lowry,PG,36,12.6,0.2,0.9,3.4,0.33836858,0.476635514,0.328,0.607510431,0.537,-0.13,0.267330303,0.336910542
96,John Collins,PF,25,13.6,-1.3,0.4,4.2,0.395770393,0.112149533,0.52,0.750347705,0.5,0.32,0.270905197,0.335400175
86,Alex Caruso,PG,28,11.5,1.1,1.2,3.6,0.16918429,0.271028037,0.232,0.555111266,0.488,1.37,0.101580505,0.334569232
45,Bogdan Bogdanović,SG,30,14.2,0.5,0.9,2.8,0.422960725,0.261682243,0.248,0.533344924,0.5,0.32,0.180850415,0.331748478
367,Jusuf Nurkić,C,28,17.3,0.1,0.7,2.7,0.401812689,0.271028037,0.728,0.492280946,0.402,-3.96,0.334571825,0.329184275
78,Kentavious Caldwell-Pope,SG,29,11.5,-1,0.6,4.5,0.326283988,0.224299065,0.216,0.838073713,0.646,3.04,0.254687688,0.325265963
304,Terance Mann,SG,26,13.4,-0.2,0.8,4.3,0.265861027,0.214953271,0.272,0.658240612,0.537,0.31,0.188493596,0.323456465
513,Andrew Wiggins,SF,27,14.7,-0.5,0.5,2.3,0.516616314,0.214953271,0.4,0.424269819,0.537,1.66,0.208450502,0.304352577
99,Mike Conley,PG,35,15,1.1,0.7,2.75,0.373111782,0.593457944,0.224,0.362673853,0.4815,-0.625,0.21322889,0.303779836
517,Grant Williams,PF,24,10.3,-1.1,0.5,4.4,0.244712991,0.158878505,0.368,0.719367177,0.695,6.38,0.271840981,0.298865419
311,Kenyon Martin Jr.,SF,22,15.4,-0.7,0.7,4.9,0.383685801,0.140186916,0.44,0.805980529,0.268,-7.62,0.165273387,0.295745143
202,Sam Hauser,SF,25,12.7,1,1,3.4,0.193353474,0.08411215,0.208,0.453442281,0.695,6.38,0.165682402,0.2887125
29,RJ Barrett,SG,22,12.9,-3.1,-0.7,2.2,0.592145015,0.261682243,0.4,0.871662031,0.573,2.99,0.229112174,0.288281086
200,Isaiah Hartenstein,C,24,14.2,-0.3,0.7,4.6,0.151057402,0.112149533,0.52,0.571557719,0.573,2.99,0.263980805,0.287734095
103,Torrey Craig,PF,32,11.6,-0.6,0.7,4,0.223564955,0.140186916,0.432,0.685222531,0.549,2.08,0.136416817,0.286352409
321,T.J. McConnell,PG,30,16.8,0.5,1,3.1,0.262839879,0.495327103,0.248,0.536961057,0.427,-2.91,0.211914599,0.283547381
241,Isaiah Joe,SG,23,14.5,0.9,1,3.8,0.287009063,0.112149533,0.192,0.490994437,0.488,0.96,0.116228624,0.276506949
199,Josh Hart,SF,27,14.9,1.6,0.9,3,0.297583082,0.35046729,0.608,0.436961057,0.4875,-0.485,0.380285068,0.268914536
385,Mason Plumlee,C,32,19.1,1.9,1.1,3.95,0.297583082,0.252336449,0.664,0.364812239,0.433,-2.79,0.420480761,0.267174769
486,Devin Vassell,SG,22,15.5,0.4,0.7,1.2,0.558912387,0.336448598,0.312,0.419680111,0.268,-9.82,-0.021538213,0.26170441
373,Isaac Okoro,SF,22,10.7,-0.3,0.7,4.2,0.193353474,0.102803738,0.2,0.581258693,0.622,5.23,0.087928178,0.259359713
447,Anfernee Simons,SG,23,14.8,-1.1,0.5,2.5,0.637462236,0.38317757,0.208,0.766342142,0.402,-3.96,0.237905732,0.256556451
83,Jevon Carter,PG,27,10.9,-0.6,0.6,3.5,0.241691843,0.224299065,0.2,0.636404729,0.707,3.61,0.129972511,0.251511989
322,Jaden McDaniels,SF,22,12,-1.2,0.5,4.4,0.365558912,0.177570093,0.312,0.85,0.512,-0.22,0.216877047,0.24473217
521,Kenrich Williams,PF,28,14.4,0.5,0.8,3.3,0.241691843,0.186915888,0.392,0.426564673,0.488,0.96,0.116366851,0.238533953
136,Kris Dunn,PG,28,19.1,2.4,0.6,1.9,0.398791541,0.523364486,0.36,0.205771905,0.451,-1.03,0.323944771,0.232675891
378,Cedi Osman,SF,27,12,-0.7,0.5,3.3,0.262839879,0.140186916,0.184,0.544541029,0.622,5.23,0.042922567,0.228604788
508,Coby White,SG,22,12.5,-0.8,0.5,3.1,0.29305136,0.261682243,0.232,0.608970793,0.488,1.37,0.067158392,0.225375934
144,Drew Eubanks,C,25,16.2,0.1,0.8,4.4,0.19939577,0.121495327,0.432,0.557127955,0.402,-3.96,0.106215604,0.214181249
273,John Konchar,SF,26,10.8,0.5,0.9,3.5,0.15407855,0.130841121,0.344,0.526008345,0.622,3.6,0.107342118,0.212800361
369,Royce O'Neale,SF,29,9.2,-1.1,0.5,2.9,0.265861027,0.345794393,0.408,0.84794854,0.549,1.03,0.157739134,0.210991073
523,Patrick Williams,PF,21,11.2,-1.3,0.4,3.5,0.3081571,0.112149533,0.32,0.8168637,0.488,1.37,0.086663599,0.203806463
492,Moritz Wagner,C,25,17.4,0.6,0.7,3.4,0.317220544,0.140186916,0.36,0.391689847,0.415,-2.39,0.102206979,0.200291036
189,Tim Hardaway Jr.,SF,30,12.1,-1.8,0.1,2.3,0.435045317,0.168224299,0.28,0.75810153,0.463,-0.14,-0.037073865,0.183244348
444,Ben Simmons,PG,26,13.4,0.4,0.7,2.2,0.208459215,0.570093458,0.504,0.392663421,0.549,1.03,0.286364768,0.168511407
177,Jalen Green,SG,20,14.5,-2.1,0,1.8,0.667673716,0.345794393,0.296,0.915924896,0.268,-7.62,0.094826346,0.167231089
460,Max Strus,SF,26,10.8,-1.7,0.2,3.4,0.347432024,0.196261682,0.256,0.799165508,0.537,-0.13,0.030059955,0.167167619
371,Josh Okogie,SG,24,13.3,-0.2,0.6,2.8,0.220543807,0.140186916,0.28,0.475243394,0.549,2.08,0.012225992,0.163834564
438,Collin Sexton,PG,24,15.9,-1.3,0.2,2.5,0.432024169,0.271028037,0.176,0.405737135,0.451,-1.03,-0.025904199,0.163282669
395,Dwight Powell,C,31,15.5,-1.2,0.3,5.1,0.202416918,0.08411215,0.328,0.512934631,0.463,-0.14,-0.011252106,0.153994691
309,Caleb Martin,SF,27,11.4,-1.2,0.4,3.7,0.290030211,0.14953271,0.384,0.731675939,0.537,-0.13,0.081654656,0.153666764
334,Shake Milton,SG,26,12.7,-2,0,2.9,0.253776435,0.299065421,0.2,0.55132128,0.659,4.37,0.030804391,0.152126554
9,Jose Alvarado,PG,24,11.8,-1.2,0.3,1.8,0.271903323,0.280373832,0.184,0.462273992,0.512,1.63,-0.127645953,0.150699647
72,Alec Burks,SG,31,16.5,1.2,0.9,2.5,0.386706949,0.205607477,0.248,0.397079277,0.207,-7.73,-0.127947177,0.149204812
33,Nicolas Batum,PF,34,11,0.5,1,3.6,0.18429003,0.14953271,0.304,0.601147427,0.537,0.31,0.018657707,0.14869928
127,Luguentz Dort,SF,23,11.3,-3,-0.6,2.9,0.413897281,0.196261682,0.368,0.799965229,0.488,0.96,-0.012729298,0.147613122
500,P.J. Washington,PF,24,12.9,-1.3,0.4,2.6,0.474320242,0.224299065,0.392,0.838178025,0.329,-5.89,0.060898716,0.144705087
434,Dennis Schröder,PG,29,11.5,-2.9,-0.4,2.8,0.380664653,0.420560748,0.2,0.700312935,0.524,0.43,-0.043791579,0.132031971
255,Tre Jones,PG,23,16,-1,0.5,3.4,0.389728097,0.61682243,0.288,0.69930459,0.268,-9.82,0.155108584,0.130373178
246,Keldon Johnson,SF,23,15.3,-1.8,0.1,1.3,0.664652568,0.271028037,0.4,0.727990264,0.268,-9.82,0.004304018,0.129720948
168,Jordan Goodwin,PG,24,14.8,0.7,0.8,2.2,0.19939577,0.252336449,0.264,0.390055633,0.427,-1.06,-0.029652647,0.128826699
224,De'Andre Hunter,SF,25,11.5,-3.3,-0.7,2.5,0.465256798,0.130841121,0.336,0.749547983,0.5,0.32,-0.106762525,0.121008243
379,Kelly Oubre Jr.,SF,27,14.8,-1.1,0.3,1.7,0.613293051,0.102803738,0.416,0.548783032,0.329,-5.89,-0.038154775,0.119429438
484,Jarred Vanderbilt,PF,23,14.6,0.85,0.75,2.55,0.234138973,0.200934579,0.584,0.334335883,0.4875,-0.3,0.170595963,0.118731709
360,Georges Niang,PF,29,10.9,-1.4,0.2,2.5,0.247734139,0.093457944,0.192,0.53178025,0.659,4.37,-0.121635409,0.114454404
268,Corey Kispert,SF,23,11.5,-1.5,0.2,3.8,0.335347432,0.112149533,0.224,0.736891516,0.427,-1.06,-0.065472115,0.104969401
207,Willy Hernangómez,C,28,20.7,0.3,0.3,1.6,0.208459215,0.08411215,0.376,0.162760779,0.512,1.63,-0.028590817,0.101262231
301,Trey Lyles,PF,27,14.2,-1,0.3,2.6,0.229607251,0.08411215,0.328,0.438769124,0.585,2.3,-0.04771263,0.100446065
68,Troy Brown Jr.,SF,23,9.6,-1,0.5,2.9,0.214501511,0.121495327,0.328,0.654554937,0.524,0.43,-0.06925782,0.08576147
182,AJ Griffin,SF,19,12.6,-0.8,0.4,2.2,0.268882175,0.093457944,0.168,0.49321975,0.5,0.32,-0.152087107,0.084153763
102,Robert Covington,PF,32,14.2,1.7,0.7,1.9,0.181268882,0.112149533,0.28,0.275799722,0.537,0.31,-0.11029656,0.08253221
100,Pat Connaughton,SF,30,10,-1,0.3,2.5,0.229607251,0.121495327,0.368,0.509283727,0.707,3.61,-0.023143749,0.082200401
308,Naji Marshall,SF,25,11.4,-1.9,0.1,2.5,0.274924471,0.23364486,0.288,0.630493741,0.512,1.63,-0.063204055,0.076269666
277,Jonathan Kuminga,PF,20,13.3,-1.7,0.1,2.4,0.299093656,0.177570093,0.272,0.49123783,0.537,1.66,-0.047702129,0.07297515
496,Lonnie Walker IV,SG,24,12.2,-1.4,0.2,1.8,0.35347432,0.102803738,0.152,0.458344924,0.524,0.43,-0.213005203,0.068277331
205,Gordon Hayward,SF,32,13.5,-1.4,0.2,2,0.444108761,0.38317757,0.344,0.558588317,0.329,-5.89,-0.090226734,0.065836261
47,Bol Bol,PF,23,14.4,-0.9,0.4,2.3,0.274924471,0.093457944,0.464,0.530076495,0.415,-2.39,-0.046475726,0.063883353
381,Cameron Payne,PG,28,13.2,-1.2,0.2,1.1,0.311178248,0.420560748,0.176,0.342906815,0.549,2.08,-0.093450424,0.05737515
1,Precious Achiuwa,C,23,15.2,-2.3,-0.1,2.2,0.277945619,0.08411215,0.48,0.402885953,0.5,1.59,-0.077306274,0.052283796
225,Bones Hyland,PG,22,15.45,-0.85,0.2,0.7,0.34592145,0.299065421,0.22,0.19461057,0.5915,1.675,-0.069928962,0.050445275
61,Dillon Brooks,SF,27,9.4,-3.9,-1.1,1.6,0.432024169,0.242990654,0.264,0.779659249,0.622,3.6,-0.153031858,0.045573603
128,Ayo Dosunmu,SG,23,10.2,-2.5,-0.2,2.9,0.259818731,0.242990654,0.224,0.737899861,0.488,1.37,-0.128701026,0.042290879
314,Bennedict Mathurin,SG,20,13.1,-3.7,-1,1.8,0.504531722,0.140186916,0.328,0.781815021,0.427,-2.91,-0.175594293,0.040829778
347,Marcus Morris,PF,33,10.5,-1.9,0,2,0.33836858,0.168224299,0.32,0.643636996,0.537,0.31,-0.151551754,0.040749773
280,Jock Landale,C,27,16.4,-1.1,0.2,2.7,0.19939577,0.093457944,0.328,0.344645341,0.549,2.08,-0.07231559,0.040619775
264,Luke Kennard,SG,26,13.25,0.75,0.4,1.7,0.288519637,0.158878505,0.22,0.235796245,0.5795,1.955,-0.095753134,0.039032472
218,Talen Horton-Tucker,SG,22,13.7,-1.6,0.2,0.8,0.32326284,0.355140187,0.256,0.46286509,0.451,-1.03,-0.117347885,0.038360913
275,Luke Kornet,C,27,16.7,1,0.6,3.3,0.114803625,0.074766355,0.232,0.282927677,0.695,6.38,0.107014827,0.035631177
133,Andre Drummond,C,29,20.8,-0.8,0.3,2.8,0.181268882,0.046728972,0.528,0.298922114,0.488,1.37,0.060945778,0.034439404
16,Deni Avdija,SF,22,11.2,-2.3,-0.1,2.3,0.277945619,0.261682243,0.512,0.710917942,0.427,-1.06,-0.020925021,0.03060507
476,Obi Toppin,PF,24,13.6,-0.5,0.4,2.1,0.223564955,0.093457944,0.224,0.369853964,0.573,2.99,-0.111365115,0.029774082
195,Joe Harris,SF,31,10.6,-1.1,0.3,2.6,0.229607251,0.130841121,0.176,0.537413074,0.549,1.03,-0.218147501,0.026553137
244,Jalen Johnson,SF,21,14.1,0.3,0.6,2.1,0.16918429,0.112149533,0.32,0.366794159,0.5,0.32,-0.078596867,0.025683369
70,Thomas Bryant,C,25,16.65,-2.15,0.35,2.05,0.252265861,0.037383178,0.404,0.192941586,0.585,1.735,-0.120628402,0.023318547
299,Kevin Love,PF,34,12.95,0.15,0.4,1.3,0.244712991,0.177570093,0.5,0.221835883,0.5795,2.55,-0.058686887,0.016710146
317,Skylar Mays,PG,25,19.4,0,0.1,0.7,0.46223565,0.775700935,0.256,0.075973574,0.402,-3.96,0.124663713,0.014397031
40,Saddiq Bey,SF,23,14.75,-0.1,0.45,1.95,0.398791541,0.140186916,0.38,0.378824757,0.3535,-3.705,-0.077923054,0.009361598
497,John Wall,PG,32,13.6,-1.2,0.1,0.3,0.344410876,0.485981308,0.216,0.269541029,0.537,0.31,-0.146747834,0.00804187
387,Aleksej Pokusevski,PF,21,13.4,0,0.3,1,0.244712991,0.177570093,0.376,0.250208623,0.488,0.96,-0.128807037,0.006950352
228,Joe Ingles,SF,35,10.7,-0.7,0.3,2.3,0.208459215,0.308411215,0.224,0.370201669,0.707,3.61,-0.076649223,0.002580738
470,Cam Thomas,SG,21,14.7,-2.7,-0.2,1,0.320241692,0.130841121,0.136,0.334700974,0.549,1.03,-0.306472368,0.002279486
285,Damion Lee,SG,30,10.7,-1.7,0.1,2.6,0.247734139,0.121495327,0.24,0.530041725,0.549,2.08,-0.202866145,-0.001022828
178,JaMychal Green,PF,32,15.5,-0.5,0.3,2.2,0.193353474,0.08411215,0.288,0.281293463,0.537,1.66,-0.176980873,-0.004987284
71,Reggie Bullock,SF,31,7.7,-2.6,-0.4,2.8,0.217522659,0.130841121,0.288,0.831815021,0.463,-0.14,-0.311211426,-0.009265091
193,Montrezl Harrell,C,29,17.6,-1.3,0.1,2.2,0.16918429,0.056074766,0.224,0.240229485,0.659,4.37,-0.134837974,-0.014123334
409,Paul Reed,C,23,19.2,-0.1,0.4,2.8,0.126888218,0.037383178,0.304,0.265611961,0.659,4.37,0.0672022,-0.016987281
97,Zach Collins,C,25,16.4,-0.2,0.6,2.2,0.350453172,0.271028037,0.512,0.508310153,0.268,-9.82,-0.011432259,-0.026330387
104,Jae Crowder,PF,32,14.6,1.2,0.3,1.2,0.208459215,0.140186916,0.304,0.124095967,0.707,3.61,-0.074385416,-0.028352975
107,Seth Curry,SG,32,12.3,-2.1,0,1.8,0.277945619,0.14953271,0.128,0.427294854,0.549,1.03,-0.325541532,-0.029902293
240,Ty Jerome,SG,25,12.8,-0.8,0.3,2.1,0.208459215,0.280373832,0.136,0.289325452,0.537,1.66,-0.188213217,-0.031304584
232,Jaden Ivey,SG,20,12.1,-3.3,-0.7,0,0.49244713,0.485981308,0.312,0.811230876,0.207,-7.73,-0.258773699,-0.036013762
331,Chimezie Metu,PF,25,17.3,-0.1,0.3,2.1,0.148036254,0.056074766,0.24,0.242489569,0.585,2.3,-0.125333377,-0.039529682
234,Isaiah Jackson,C,21,17.5,-0.8,0.3,2.7,0.217522659,0.074766355,0.36,0.367350487,0.427,-2.91,-0.103953331,-0.039538225
279,Anthony Lamb,SF,25,10.9,-1.1,0.3,2.4,0.202416918,0.140186916,0.28,0.421522949,0.537,1.66,-0.181060749,-0.039687996
364,Jaylen Nowell,SG,23,13.7,-2.5,-0.2,1.2,0.326283988,0.186915888,0.208,0.441342142,0.512,-0.22,-0.253634802,-0.040454352
138,Jalen Duren,C,19,17.3,-0.8,0.5,4.5,0.274924471,0.102803738,0.712,0.588630042,0.207,-7.73,0.135268585,-0.040935278
535,Thaddeus Young,PF,34,14.1,0.1,0.4,1.8,0.132930514,0.130841121,0.248,0.280841446,0.5,1.59,-0.255901516,-0.043328232
181,Josh Green,SG,22,11.2,-2.4,-0.2,2.6,0.274924471,0.158878505,0.24,0.543358832,0.463,-0.14,-0.244264205,-0.048802451
22,Mo Bamba,C,24,16.3,1.3,0.6,2.1,0.220543807,0.102803738,0.368,0.242002782,0.415,-2.39,-0.08519177,-0.053368718
412,Nick Richards,C,25,18.3,-1.3,0.2,4.2,0.247734139,0.056074766,0.512,0.428963839,0.329,-5.89,-0.052575372,-0.058267153
43,Bismack Biyombo,C,30,14.4,-0.9,0.2,1.9,0.129909366,0.08411215,0.344,0.308171071,0.549,2.08,-0.215843798,-0.063830974
461,Jalen Suggs,SG,21,12.5,-1,0.3,1.4,0.299093656,0.271028037,0.24,0.440716273,0.415,-2.39,-0.186586954,-0.064159155
19,Marvin Bagley III,C,23,17.2,-0.9,0.3,2,0.362537764,0.08411215,0.512,0.351738526,0.207,-7.73,-0.1920991,-0.066679803
375,Victor Oladipo,SG,30,10.6,-2.1,0,0.6,0.32326284,0.327102804,0.24,0.393011127,0.537,-0.13,-0.27980051,-0.074745425
522,Mark Williams,C,21,19.8,0.1,0.4,2.8,0.271903323,0.037383178,0.568,0.29391516,0.329,-5.89,-0.001199009,-0.074925319
252,Derrick Jones Jr.,PF,25,13.8,-0.4,0.3,2.4,0.151057402,0.046728972,0.192,0.314673157,0.488,1.37,-0.270948046,-0.089820453
183,Blake Griffin,C,33,13.1,0.1,0.3,1.8,0.123867069,0.140186916,0.304,0.201981919,0.695,6.38,-0.110830861,-0.089997778
106,Cade Cunningham,PG,21,14,-0.7,0.1,-0.1,0.601208459,0.560747664,0.496,0.149965229,0.207,-7.73,-0.088401573,-0.0911504
498,T.J. Warren,PF,29,14.3,-2,0,0.8,0.287009063,0.102803738,0.224,0.176216968,0.549,1.03,-0.367629728,-0.0969021
32,Keita Bates-Diop,PF,27,14.9,-0.6,0.5,2.7,0.29305136,0.140186916,0.296,0.511717663,0.268,-9.82,-0.268295711,-0.097884973
454,Jalen Smith,C,22,15.9,-2.1,0,2.3,0.283987915,0.093457944,0.464,0.450556328,0.427,-2.91,-0.122599001,-0.098321493
179,Javonte Green,SF,29,14.5,1.4,0.4,1.4,0.157099698,0.065420561,0.224,0.171418637,0.488,1.37,-0.264658599,-0.099505083
439,Landry Shamet,SG,25,10.9,-1.4,0.1,1.2,0.262839879,0.214953271,0.136,0.286926287,0.549,2.08,-0.315154462,-0.100050303
448,Jericho Sims,C,24,13.8,-0.5,0.3,2.6,0.102719033,0.046728972,0.376,0.287065369,0.573,2.99,-0.132105392,-0.100915208
36,Malik Beasley,SG,26,10.6,-2.25,0.05,0.7,0.370090634,0.135514019,0.276,0.37199235,0.4875,-0.3,-0.340262944,-0.107298078
512,Aaron Wiggins,SG,24,12.2,-2.1,0,2.6,0.205438066,0.102803738,0.24,0.456710709,0.488,0.96,-0.266880408,-0.11031319
191,Jaden Hardy,SG,20,14.6,-2.3,0,0.7,0.265861027,0.130841121,0.152,0.250625869,0.463,-0.14,-0.394646871,-0.11254496
295,Kenneth Lofton Jr.,PF,20,20.2,-0.4,0.1,0.5,0.151057402,0.074766355,0.168,0.063038943,0.622,3.6,-0.192816139,-0.119487201
430,Dario Šarić,C,28,15.9,-0.2,0.1,0.7,0.223564955,0.08411215,0.264,0.098991655,0.488,0.96,-0.325247387,-0.130389694
462,Edmond Sumner,SG,27,14,-2.6,-0.1,1.3,0.214501511,0.121495327,0.12,0.260048679,0.549,1.03,-0.426396079,-0.134973758
185,Rui Hachimura,PF,24,13.15,-2.25,-0.05,0.9,0.341389728,0.088785047,0.36,0.262291377,0.4755,-0.315,-0.310056311,-0.142382137
490,Dean Wade,PF,26,8.5,-0.7,0.3,1.8,0.141993958,0.074766355,0.272,0.316168289,0.622,5.23,-0.26602226,-0.143225292
354,Mike Muscala,C,31,12.7,-0.65,0.2,1.25,0.182779456,0.070093458,0.26,0.168932545,0.5915,3.67,-0.311098246,-0.143753698
180,Jeff Green,PF,36,11,-3.4,-0.4,1.7,0.235649547,0.112149533,0.208,0.385431154,0.646,3.04,-0.414659574,-0.144724836
155,Wenyen Gabriel,C,25,14.4,-2.2,-0.1,2.8,0.166163142,0.046728972,0.336,0.360605007,0.524,0.43,-0.250177581,-0.145044269
357,Andrew Nembhard,SG,23,10,-3.2,-0.6,1.2,0.287009063,0.420560748,0.216,0.729694019,0.427,-2.91,-0.28971805,-0.147697692
112,Terence Davis,SG,25,12.9,-1.5,0.1,0.9,0.202416918,0.093457944,0.176,0.296279555,0.585,2.3,-0.334223289,-0.148168029
487,Gabe Vincent,PG,26,9,-3.4,-0.6,1.4,0.283987915,0.23364486,0.168,0.619923505,0.537,-0.13,-0.391271755,-0.150353691
458,Lamar Stevens,SF,25,9.5,-2.8,-0.2,1.9,0.160120846,0.046728972,0.264,0.395027816,0.622,5.23,-0.349258583,-0.155377473
337,Davion Mitchell,PG,24,9.4,-2.8,-0.3,1.5,0.16918429,0.214953271,0.104,0.508727399,0.585,2.3,-0.392768572,-0.155427877
80,Vlatko Čančar,PF,25,11,-1.8,0,1.7,0.151057402,0.121495327,0.168,0.313560501,0.646,3.04,-0.331928805,-0.156599309
453,Jabari Smith Jr.,PF,19,11.2,-3.7,-1.1,1.9,0.386706949,0.121495327,0.576,0.862308762,0.268,-7.62,-0.288820138,-0.162217334
194,Gary Harris,SG,28,10.5,-0.7,0.4,2.3,0.250755287,0.112149533,0.16,0.4195758,0.415,-2.39,-0.362571891,-0.162453945
170,Eric Gordon,SG,34,12.25,-1.3,0.05,1.15,0.364048338,0.23364486,0.152,0.350504172,0.4025,-3.655,-0.40706431,-0.164577188
257,DeAndre Jordan,C,34,14.7,-1.8,0,1.4,0.15407855,0.08411215,0.416,0.208275382,0.646,3.04,-0.237744847,-0.166605196
495,Kemba Walker,PG,32,15,-0.3,0.1,0.3,0.241691843,0.196261682,0.144,0.054937413,0.463,-0.14,-0.43664126,-0.167834391
139,Tari Eason,PF,21,15.2,-1.7,0.1,2.6,0.280966767,0.102803738,0.48,0.621175243,0.268,-7.62,-0.171548359,-0.168426572
57,Christian Braun,SG,21,10.3,-2.4,-0.1,1.9,0.141993958,0.074766355,0.192,0.415333797,0.646,3.04,-0.329052816,-0.169909643
418,Jeremiah Robinson-Earl,PF,22,13,-1.5,0.1,1.9,0.205438066,0.093457944,0.336,0.288908206,0.488,0.96,-0.252666193,-0.17433862
355,Svi Mykhailiuk,SF,25,13.8,-0.5,0.2,0.7,0.320241692,0.252336449,0.192,0.155945758,0.329,-5.89,-0.42960465,-0.175382763
211,George Hill,PG,36,9.8,-1.7,0,1.4,0.151057402,0.23364486,0.152,0.238212796,0.707,3.61,-0.375418423,-0.177289525
502,Yuta Watanabe,SF,28,12.1,-0.6,0.3,2.1,0.16918429,0.074766355,0.192,0.327538248,0.549,1.03,-0.298847991,-0.178187982
204,Killian Hayes,PG,21,10.2,-3.8,-1,-0.5,0.311178248,0.579439252,0.232,0.75810153,0.207,-7.73,-0.497758772,-0.180766775
159,Luka Garza,C,24,23,-0.4,0.1,1.1,0.196374622,0.056074766,0.184,0.086821975,0.512,-0.22,-0.203045246,-0.181398521
359,Raul Neto,PG,30,12.6,-0.2,0.2,1.5,0.099697885,0.14953271,0.08,0.178546592,0.622,5.23,-0.330947409,-0.18911116
504,Trendon Watford,PF,22,13.6,-1.8,0.1,2.1,0.223564955,0.196261682,0.304,0.416933241,0.402,-3.96,-0.270621637,-0.193532709
323,Jalen McDaniels,SF,25,12.05,-2.3,-0.05,1.4,0.261329305,0.130841121,0.32,0.339568846,0.494,-0.76,-0.331566899,-0.200096944
358,Aaron Nesmith,SF,23,10.5,-3,-0.4,2,0.305135952,0.121495327,0.304,0.639394993,0.427,-2.91,-0.337696166,-0.201689583
413,Josh Richardson,SG,29,11.75,-1.2,0.15,0.9,0.287009063,0.228971963,0.208,0.273452712,0.39,-4.095,-0.444928072,-0.206472649
39,Patrick Beverley,PG,34,10.1,-0.2,0.3,1.2,0.175226586,0.327102804,0.392,0.219228095,0.488,1.37,-0.240312536,-0.208753403
368,Jordan Nwora,SF,24,12.2,-2.1,0,0.75,0.287009063,0.144859813,0.312,0.212847705,0.567,0.35,-0.317301541,-0.210680741
146,Dorian Finney-Smith,PF,29,8.85,-2.4,0,1.05,0.246223565,0.144859813,0.384,0.358988178,0.506,0.445,-0.382996196,-0.212763515
519,Jaylin Williams,C,20,11.2,-1.7,0.1,1.9,0.178247734,0.14953271,0.392,0.323609179,0.488,0.96,-0.237161201,-0.215309429
39,Patrick Beverley,SG,34,8.3,-1.8,0.1,1.8,0.193353474,0.242990654,0.248,0.42972879,0.524,0.43,-0.3675003,-0.215864749
450,Dennis Smith Jr.,PG,25,11.6,-2.2,-0.1,1.1,0.265861027,0.448598131,0.248,0.491550765,0.329,-5.89,-0.341416824,-0.216713653
493,Ish Wainright,SF,28,9.2,-1.2,0.2,1.7,0.126888218,0.08411215,0.184,0.322774687,0.549,2.08,-0.430388807,-0.216960731
66,Moses Brown,C,23,22.7,-0.4,0.1,1.1,0.13897281,0.009345794,0.328,0.102399166,0.537,0.31,-0.157289692,-0.218010097
399,Taurean Prince,PF,28,10,-3.3,-0.4,1.3,0.274924471,0.14953271,0.192,0.421453408,0.512,-0.22,-0.481779283,-0.21991848
77,Jamal Cain,PF,23,16.5,0.8,0.2,0.8,0.163141994,0.065420561,0.232,0.087378303,0.537,-0.13,-0.280925631,-0.220765402
423,Terrence Ross,SG,31,11.4,-1.3,-0.05,0.8,0.256797583,0.154205607,0.212,0.237639082,0.482,-0.155,-0.449997385,-0.222509479
203,Jaxson Hayes,C,22,13.7,-1.2,0.1,1.5,0.151057402,0.065420561,0.224,0.215924896,0.512,1.63,-0.348964299,-0.224048002
219,Danuel House Jr.,SF,29,9.4,-3,-0.2,1.3,0.145015106,0.074766355,0.136,0.284909597,0.659,4.37,-0.5098167,-0.224617319
171,Devonte' Graham,PG,27,12.7,-0.1,0.3,1.3,0.276435045,0.289719626,0.156,0.239168985,0.39,-4.095,-0.344415805,-0.231420855
473,Matisse Thybulle,SF,25,10,0.1,0.3,1.3,0.081570997,0.046728972,0.104,0.209005563,0.659,4.37,-0.384427702,-0.23480343
400,Payton Pritchard,PG,25,10.3,-3.4,-0.2,0.6,0.16918429,0.121495327,0.144,0.227538248,0.695,6.38,-0.447371043,-0.236302635
440,Day'Ron Sharpe,C,21,17.8,-2.3,0,1.6,0.141993958,0.074766355,0.336,0.195236439,0.549,1.03,-0.237841049,-0.237772483
362,Zeke Nnaji,PF,22,12.5,-3.7,-0.3,1.6,0.157099698,0.028037383,0.208,0.257197497,0.646,3.04,-0.437738014,-0.243611329
34,Darius Bazley,C,22,12.9,-1,0.1,0.9,0.163141994,0.08411215,0.272,0.197635605,0.488,0.96,-0.377958941,-0.243638311
425,Ricky Rubio,PG,32,10.4,-2.8,-0.1,0.7,0.157099698,0.327102804,0.168,0.202086231,0.622,5.23,-0.400208601,-0.245503836
238,Reggie Jackson,PG,32,9.65,-4.4,-0.45,0.35,0.283987915,0.308411215,0.16,0.295305981,0.5915,1.675,-0.520880968,-0.247424492
328,Jordan McLaughlin,PG,26,11.8,-0.7,0.2,1.3,0.111782477,0.317757009,0.112,0.24054242,0.512,-0.22,-0.369689119,-0.248295253
286,Saben Lee,PG,23,13.1,-1.8,0,0.7,0.190332326,0.261682243,0.16,0.131015299,0.549,2.08,-0.363743165,-0.250749487
459,Isaiah Stewart,C,21,13.1,-2.1,0,2,0.341389728,0.130841121,0.648,0.500799722,0.207,-7.73,-0.221176033,-0.257231186
109,Dyson Daniels,PG,19,8.8,-1.8,0,1.3,0.114803625,0.214953271,0.256,0.367767733,0.512,1.63,-0.365545739,-0.258556381
25,Dalano Banton,PG,23,14.9,-0.5,0.1,0.4,0.13897281,0.112149533,0.12,0.099443672,0.5,1.59,-0.437826186,-0.26121208
480,P.J. Tucker,PF,37,5.7,-3,-0.5,2.5,0.105740181,0.074766355,0.312,0.675799722,0.659,4.37,-0.399513823,-0.265907555
420,David Roddy,PF,21,8.8,-3.9,-0.6,1.1,0.202416918,0.074766355,0.224,0.442976356,0.622,3.6,-0.461258835,-0.26649233
174,A.J. Green,SG,23,11.5,-0.9,0.1,0.8,0.132930514,0.056074766,0.104,0.122705146,0.707,3.61,-0.412206175,-0.270094474
441,Shaedon Sharpe,SG,19,11.5,-3.3,-0.6,1.2,0.299093656,0.112149533,0.24,0.625591099,0.402,-3.96,-0.438496309,-0.270623935
407,Cam Reddish,SF,23,10.6,-3.3,-0.15,0.5,0.29305136,0.135514019,0.18,0.180024339,0.4875,-0.485,-0.56278428,-0.271300757
120,Hamidou Diallo,SF,24,15.7,-1.4,0.1,1.3,0.280966767,0.093457944,0.28,0.351808067,0.207,-7.73,-0.469088714,-0.271621384
503,Lindy Waters III,SG,25,11.8,0.1,0.3,1.1,0.157099698,0.065420561,0.144,0.188456189,0.488,0.96,-0.427672192,-0.271671184
4,Ochai Agbaji,SG,22,9.5,-3,-0.3,1.3,0.238670695,0.102803738,0.168,0.426808067,0.451,-1.03,-0.533064489,-0.273817299
430,Dario Šarić,PF,28,12.3,-2,0,0.9,0.175226586,0.140186916,0.304,0.189638387,0.549,2.08,-0.382721751,-0.276997926
429,Luka Šamanić,PF,23,11,-2.1,0,0.2,0.299093656,0.196261682,0.344,0.063282337,0.451,-1.03,-0.45371639,-0.286751334
305,Tre Mann,PG,21,10,-3.9,-0.6,0.5,0.232628399,0.168224299,0.184,0.416794159,0.488,0.96,-0.538488516,-0.287605555
291,Kira Lewis Jr.,PG,21,14.5,-0.3,0.1,0.6,0.13897281,0.08411215,0.104,0.084283727,0.512,1.63,-0.438889266,-0.288774989
258,Cory Joseph,PG,31,12.1,-1.5,0.2,1.8,0.208459215,0.327102804,0.136,0.432823366,0.207,-7.73,-0.531654573,-0.289691567
391,Otto Porter Jr.,SF,29,14,0.7,0.1,0.4,0.166163142,0.093457944,0.192,0.056432545,0.5,1.59,-0.416525036,-0.291983021
538,Cody Zeller,C,30,16.4,-2.8,0,0.7,0.196374622,0.065420561,0.344,0.079798331,0.537,-0.13,-0.427610187,-0.296125749
343,Moses Moody,SG,20,10.3,-2.6,-0.1,1.3,0.145015106,0.074766355,0.136,0.287899861,0.537,1.66,-0.512366238,-0.298818647
132,Goran Dragić,PG,36,10.2,-3.7,-0.3,0.4,0.193353474,0.252336449,0.112,0.278303199,0.488,1.37,-0.648050302,-0.299157697
530,James Wiseman,C,21,16.05,-3,-0.2,0.7,0.296072508,0.065420561,0.464,0.156589013,0.372,-3.035,-0.396378002,-0.305839906
115,Dewayne Dedmon,C,33,15.6,-1.8,0,0.8,0.172205438,0.046728972,0.288,0.125069541,0.537,-0.13,-0.451435687,-0.310621197
50,Brandon Boston Jr.,SF,21,13.4,-2.2,0,0.2,0.196374622,0.08411215,0.112,0.089464534,0.537,0.31,-0.547145455,-0.310948535
366,Kendrick Nunn,SG,27,11.4,-3.3,-0.2,0.1,0.214501511,0.126168224,0.124,0.171696801,0.4755,-0.315,-0.673868325,-0.31900886
272,Christian Koloko,C,22,11.4,-3.5,-0.3,1.7,0.093655589,0.046728972,0.232,0.282962448,0.5,1.59,-0.548975953,-0.320445077
262,Frank Kaminsky,C,29,14.9,2.6,0.2,0.5,0.081570997,0.074766355,0.112,0.06286509,0.5,0.32,-0.414218694,-0.337024085
520,Jeenathan Williams,SG,23,15.5,-3,0,0.3,0.320241692,0.186915888,0.24,0.052294854,0.402,-3.96,-0.502076273,-0.339340879
6,Nickeil Alexander-Walker,SG,24,11.3,-1.25,0.1,0.55,0.18429003,0.163551402,0.136,0.158240612,0.4815,-0.625,-0.518379031,-0.341387235
213,Aaron Holiday,PG,26,9.4,-2,0,0.9,0.117824773,0.130841121,0.096,0.297774687,0.5,0.32,-0.596437782,-0.342257549
505,Peyton Watson,SG,20,12.8,-2.8,0,0.3,0.099697885,0.046728972,0.128,0.066794159,0.646,3.04,-0.54913746,-0.347807814
318,Miles McBride,PG,22,8.4,-2.3,-0.1,0.7,0.105740181,0.102803738,0.064,0.267698192,0.573,2.99,-0.599063284,-0.348662352
422,Derrick Rose,PG,34,10.1,-3.7,-0.1,0,0.16918429,0.158878505,0.12,0.121175243,0.573,2.99,-0.684625529,-0.349674752
414,Austin Rivers,SG,30,7.4,-2.8,-0.2,1.3,0.148036254,0.130841121,0.128,0.359353268,0.512,-0.22,-0.648286918,-0.357340042
473,Matisse Thybulle,SG,25,11,-1.2,0.1,0.9,0.223564955,0.130841121,0.28,0.220688456,0.402,-3.96,-0.502159663,-0.357586732
298,Robin Lopez,C,34,11.6,-3,-0.1,0.6,0.090634441,0.046728972,0.112,0.10608484,0.622,5.23,-0.637449834,-0.357727099
42,Goga Bitadze,C,23,16.8,0.1,0.1,0.7,0.137462236,0.098130841,0.3,0.083031989,0.421,-2.65,-0.379982542,-0.364959883
499,Duane Washington Jr.,SG,22,9.3,-4.6,-0.3,-0.5,0.238670695,0.186915888,0.096,0.140716273,0.549,2.08,-0.697516886,-0.367053903
269,Maxi Kleber,PF,31,8.7,-2.2,0,1.3,0.178247734,0.130841121,0.288,0.331397775,0.463,-0.14,-0.511697054,-0.367126391
315,Wesley Matthews,SF,36,7,-2.7,-0.1,1.2,0.102719033,0.065420561,0.176,0.289916551,0.707,3.61,-0.583093508,-0.369499541
31,Charles Bassey,C,22,18.8,0.6,0.3,1.3,0.172205438,0.121495327,0.44,0.180980529,0.268,-9.82,-0.307218979,-0.370189927
38,Dāvis Bertāns,PF,30,11.9,-1.2,0.1,0.9,0.13897281,0.046728972,0.096,0.174165508,0.463,-0.14,-0.618371269,-0.370584373
333,Patty Mills,PG,34,10.6,-3.1,-0.2,0.4,0.187311178,0.130841121,0.088,0.201390821,0.549,1.03,-0.672009223,-0.37177896
456,Jeremy Sochan,PF,19,11.4,-4,-0.7,0.2,0.332326284,0.23364486,0.424,0.515299026,0.268,-9.82,-0.557175902,-0.380362925
59,Oshae Brissett,PF,24,10.6,-3.2,-0.3,1.1,0.18429003,0.065420561,0.272,0.381675939,0.427,-2.91,-0.589546206,-0.381289256
417,Orlando Robinson,C,22,13.4,-2.1,0,1.1,0.111782477,0.074766355,0.328,0.151842837,0.537,-0.13,-0.42612659,-0.381420616
18,Udoka Azubuike,C,23,16.1,-0.6,0.1,1,0.105740181,0.028037383,0.264,0.127607789,0.451,-1.03,-0.424887139,-0.383452873
30,Will Barton,SG,32,9.95,-2.6,-0.05,0.2,0.18429003,0.163551402,0.176,0.177642559,0.4635,0.265,-0.65278708,-0.384065942
216,Richaun Holmes,C,29,12.9,-2.9,-0.1,0.8,0.093655589,0.018691589,0.152,0.123191933,0.585,2.3,-0.614146358,-0.391354779
55,Malaki Branham,SG,19,9.5,-5.2,-1.3,-0.1,0.3081571,0.177570093,0.216,0.546418637,0.268,-9.82,-0.865559757,-0.391931946
325,JaVale McGee,C,35,17.2,-3.7,-0.1,0.6,0.132930514,0.028037383,0.2,0.12569541,0.463,-0.14,-0.637734727,-0.39629067
211,George Hill,SG,36,14.1,-0.6,0.1,0.5,0.157099698,0.177570093,0.128,0.062273992,0.427,-2.91,-0.606852237,-0.397963913
468,Dalen Terry,SG,20,14.1,0,0.1,0.5,0.066465257,0.056074766,0.08,0.07566064,0.488,1.37,-0.519736181,-0.400430431
498,T.J. Warren,SF,29,11.6,-1.9,0,0.3,0.126888218,0.065420561,0.248,0.072079277,0.549,2.08,-0.566879556,-0.400534784
274,Furkan Korkmaz,SG,25,9.3,-4.4,-0.2,0.1,0.114803625,0.056074766,0.088,0.125347705,0.659,4.37,-0.717497635,-0.40607605
152,Evan Fournier,SG,30,6.9,-4,-0.2,0.1,0.18429003,0.121495327,0.144,0.164812239,0.573,2.99,-0.737636901,-0.407273607
302,Théo Maledon,PG,21,11.6,-2.5,-0.1,0.8,0.202416918,0.327102804,0.224,0.302990264,0.329,-5.89,-0.52336874,-0.409137693
141,Kessler Edwards,SF,22,10,-2.5,0,0.6,0.117824773,0.093457944,0.168,0.110535466,0.585,2.3,-0.571965645,-0.411604731
533,McKinley Wright IV,PG,24,12.4,-2.7,-0.1,0.5,0.126888218,0.196261682,0.136,0.120097357,0.463,-0.14,-0.605881135,-0.412282178
370,Chuma Okeke,SF,24,9.1,-1.6,0.1,0.7,0.141993958,0.130841121,0.288,0.186091794,0.415,-2.39,-0.589506578,-0.412974918
210,Haywood Highsmith,PF,26,8.5,-3.1,-0.3,0.9,0.132930514,0.074766355,0.28,0.342454798,0.537,-0.13,-0.591126101,-0.414009553
37,MarJon Beauchamp,SF,22,8.2,-4.8,-0.5,0.4,0.15407855,0.065420561,0.176,0.247739917,0.707,3.61,-0.629951472,-0.416806974
20,Patrick Baldwin Jr.,SF,20,11.3,-2.1,0,0.1,0.117824773,0.037383178,0.104,0.0804242,0.537,1.66,-0.643755171,-0.41728581
147,Malachi Flynn,PG,24,8.7,-4.1,-0.4,0.5,0.13897281,0.121495327,0.112,0.244089013,0.5,1.59,-0.734631058,-0.418111726
89,Kennedy Chandler,PG,20,10.6,-2.7,0,0.3,0.066465257,0.14953271,0.088,0.099721836,0.622,3.6,-0.575271992,-0.421431485
226,Serge Ibaka,C,33,9.8,-4.5,-0.1,0.2,0.123867069,0.028037383,0.224,0.067663421,0.707,3.61,-0.689443594,-0.422503662
87,Julian Champagnie,SF,21,13.8,-3,-0.1,0.4,0.332326284,0.065420561,0.32,0.115403338,0.268,-9.82,-0.686134331,-0.424429227
526,Ziaire Williams,SF,21,7.4,-5.6,-0.5,0.1,0.172205438,0.08411215,0.168,0.199652295,0.622,3.6,-0.737108594,-0.428773071
303,Sandro Mamukelashvili,C,23,12.2,-2.7,-0.05,0.4,0.19939577,0.144859813,0.364,0.119662726,0.4875,-3.105,-0.508886333,-0.434279171
464,Jae'Sean Tate,SF,27,12.2,-3.5,-0.3,0.7,0.274924471,0.252336449,0.304,0.242280946,0.268,-7.62,-0.648305587,-0.440880366
529,Justise Winslow,PF,26,9.3,-2.8,-0.2,0.4,0.205438066,0.317757009,0.4,0.278442281,0.402,-3.96,-0.503225502,-0.443436685
324,Doug McDermott,SF,31,11.2,-3.2,-0.4,1,0.3081571,0.130841121,0.176,0.463317107,0.268,-9.82,-0.740445585,-0.445996246
259,Nikola Jović,PF,19,10.6,-3.4,-0.1,0.2,0.166163142,0.065420561,0.168,0.074965229,0.537,-0.13,-0.672222361,-0.447596516
282,Jake LaRavia,PF,21,6.7,-3.5,-0.2,0.5,0.090634441,0.056074766,0.144,0.147357441,0.622,3.6,-0.705143715,-0.448942826
270,Nathan Knight,C,25,14.5,-3.2,-0.1,0.7,0.111782477,0.028037383,0.12,0.103164117,0.512,-0.22,-0.656755714,-0.451901404
119,Mamadi Diakite,C,26,9,-3.4,-0.1,0.2,0.078549849,0.037383178,0.112,0.063282337,0.622,5.23,-0.717186281,-0.45799081
158,Usman Garuba,C,20,12.9,-1.4,0.2,1.8,0.090634441,0.08411215,0.328,0.341063978,0.268,-7.62,-0.532399155,-0.462875694
348,Markieff Morris,PF,33,10.7,-1.9,0,0.4,0.108761329,0.08411215,0.176,0.102086231,0.549,1.03,-0.650028077,-0.464144218
206,Juancho Hernangómez,PF,27,7.6,-3.3,-0.2,0.7,0.087613293,0.056074766,0.232,0.217872045,0.5,1.59,-0.722387399,-0.465704048
293,Nassir Little,SF,22,10.2,-3,-0.3,0.7,0.19939577,0.08411215,0.208,0.344958275,0.402,-3.96,-0.657528153,-0.467529246
251,Damian Jones,C,27,13.1,-1.75,0,0.6,0.107250755,0.037383178,0.24,0.086369958,0.4875,-0.3,-0.590501836,-0.471412748
271,Kevin Knox,PF,23,12.4,-4.6,-0.2,0.1,0.256797583,0.08411215,0.264,0.130076495,0.402,-3.96,-0.717938167,-0.47347218
162,Taj Gibson,C,37,11.4,-3.2,-0.1,0.8,0.102719033,0.065420561,0.152,0.16961057,0.427,-1.06,-0.795562285,-0.474873841
160,Rudy Gay,PF,36,9,-4,-0.4,0.3,0.157099698,0.093457944,0.232,0.288108484,0.451,-1.03,-0.794392594,-0.475311845
118,Moussa Diabaté,C,21,14.2,-2.8,0,0.4,0.081570997,0.018691589,0.184,0.070201669,0.537,0.31,-0.607843153,-0.476625724
130,Jeff Dowtin,PG,25,9.9,-1.9,0,0.4,0.072507553,0.112149533,0.072,0.092976356,0.5,1.59,-0.701089828,-0.4811965
294,Isaiah Livers,PF,24,8.4,-2.4,-0.1,1,0.202416918,0.074766355,0.224,0.424235049,0.207,-7.73,-0.774382866,-0.482469208
165,Anthony Gill,PF,30,11.1,-3.3,-0.2,1.3,0.099697885,0.056074766,0.136,0.219958275,0.427,-1.06,-0.747725536,-0.482722091
122,Ousmane Dieng,PF,19,9.3,-3.6,-0.2,0.4,0.148036254,0.112149533,0.216,0.202225313,0.488,0.96,-0.632717861,-0.483760469
306,Boban Marjanović,C,34,23.4,1.6,0.2,0.6,0.099697885,0.028037383,0.152,0.060674548,0.268,-7.62,-0.51358675,-0.484896586
287,Alex Len,C,29,12.8,-4,-0.1,0.3,0.051359517,0.046728972,0.184,0.05744089,0.585,2.3,-0.704307236,-0.492881078
134,Chris Duarte,SF,25,8.6,-4.5,-0.6,0,0.238670695,0.130841121,0.2,0.317976356,0.427,-2.91,-0.78141792,-0.499866649
467,Garrett Temple,SG,36,10.5,-1,0,0.3,0.060422961,0.046728972,0.056,0.057892907,0.512,1.63,-0.771149007,-0.504350713
248,Stanley Johnson,SF,26,13.5,-1,0.1,0.7,0.175226586,0.205607477,0.256,0.167802503,0.268,-9.82,-0.630878878,-0.507710461
415,Duncan Robinson,SF,28,7.8,-5,-0.5,0.5,0.193353474,0.102803738,0.128,0.245305981,0.537,-0.13,-0.807913932,-0.508196302
237,Quenton Jackson,PG,24,12.2,-5.1,-0.1,0.2,0.187311178,0.158878505,0.072,0.051460362,0.427,-1.06,-0.804533767,-0.515442395
382,Gary Payton II,SG,30,11.3,-0.6,0.1,0.5,0.123867069,0.140186916,0.208,0.093880389,0.402,-3.96,-0.651719821,-0.517646634
90,Max Christie,SG,19,7.4,-3.1,-0.1,0.6,0.093655589,0.046728972,0.144,0.181675939,0.524,0.43,-0.734847067,-0.522031302
427,Matt Ryan,SF,25,10.6,-1.7,0,0.3,0.102719033,0.046728972,0.04,0.065090403,0.512,-0.22,-0.74750117,-0.523391597
105,Jarrett Culver,SF,23,9.5,-4.2,-0.1,0,0.132930514,0.056074766,0.304,0.051703755,0.5,0.32,-0.736982975,-0.526304595
433,Admiral Schofield,PF,25,10.1,-2.9,-0.1,0.8,0.126888218,0.074766355,0.136,0.160361613,0.415,-2.39,-0.766068962,-0.528121273
148,Simone Fontecchio,SF,27,8,-5.2,-0.6,-0.1,0.190332326,0.074766355,0.136,0.270757997,0.451,-1.03,-0.904604594,-0.53128136
188,R.J. Hampton,SG,21,10.9,-2.8,-0.05,0.35,0.196374622,0.107476636,0.152,0.135326843,0.311,-5.06,-0.778553073,-0.535793963
377,Eugene Omoruyi,SF,25,10.9,-4.5,-0.2,0.3,0.220543807,0.070093458,0.232,0.117298331,0.3475,-3.385,-0.816830985,-0.555329672
327,Rodney McGruder,SG,31,10.7,-1.5,0.1,0.7,0.172205438,0.08411215,0.184,0.187204451,0.207,-7.73,-0.837039,-0.561453156
215,Justin Holiday,SF,33,6.75,-3.9,-0.2,0.1,0.134441088,0.08411215,0.104,0.127451321,0.4815,0.09,-0.926441137,-0.561743166
196,Kevon Harris,SG,25,9.2,-3.6,-0.2,0.6,0.123867069,0.046728972,0.168,0.16286509,0.415,-2.39,-0.835167668,-0.583328211
452,Ish Smith,PG,34,6.5,-6.6,-0.5,-0.5,0.075528701,0.214953271,0.104,0.140924896,0.646,3.04,-0.944236011,-0.588127433
41,Khem Birch,C,30,9.4,-3.5,-0.1,0.2,0.066465257,0.037383178,0.104,0.058449235,0.5,1.59,-0.866329721,-0.58832144
145,Bruno Fernando,C,24,16.1,-1.7,0,0.8,0.123867069,0.093457944,0.312,0.129937413,0.268,-7.62,-0.625297443,-0.591479462
383,Theo Pinson,SG,27,10.1,-3.4,-0.1,0.5,0.072507553,0.112149533,0.128,0.114429764,0.463,-0.14,-0.785402622,-0.592625843
477,Juan Toscano-Anderson,SF,29,7.2,-3.85,-0.15,0.25,0.092145015,0.121495327,0.196,0.125764951,0.4875,-0.3,-0.838278507,-0.593139541
408,Davon Reed,SG,27,5.2,-6.1,-0.3,-0.1,0.069486405,0.046728972,0.128,0.111961057,0.646,3.04,-0.959837845,-0.594853179
116,Matthew Dellavedova,PG,32,6.7,-5.2,-0.2,0.1,0.045317221,0.121495327,0.032,0.07569541,0.585,2.3,-0.975898996,-0.596634604
374,KZ Okpala,PF,23,6.2,-3.2,-0.1,0.3,0.039274924,0.037383178,0.08,0.088004172,0.585,2.3,-0.847364414,-0.608430933
488,Noah Vonleh,C,27,5.9,-6.3,-0.2,0.2,0.033232628,0.028037383,0.168,0.061335188,0.695,6.38,-0.875698913,-0.60904402
271,Kevin Knox,SF,23,10.3,-2.8,-0.1,0.5,0.16918429,0.037383178,0.208,0.210396384,0.207,-7.73,-0.889214233,-0.609620009
95,Amir Coffey,SF,25,7,-5,-0.5,0.4,0.102719033,0.102803738,0.088,0.22096662,0.537,0.31,-0.886177887,-0.609626081
313,Garrison Mathews,SG,26,9.1,-2.5,-0.1,0.7,0.145015106,0.046728972,0.112,0.213282337,0.268,-7.62,-0.937738255,-0.611538186
281,Romeo Langford,SG,23,10.4,-4.2,-0.5,0.5,0.208459215,0.112149533,0.216,0.299582754,0.268,-9.82,-0.893458858,-0.616495221
220,Caleb Houstan,SF,20,6.2,-4,-0.4,0.7,0.114803625,0.056074766,0.152,0.28716968,0.415,-2.39,-0.872244751,-0.619669989
91,Josh Christopher,SG,21,11.5,-4.3,-0.5,0,0.175226586,0.102803738,0.088,0.276877608,0.268,-7.62,-0.946695854,-0.624156768
276,Vit Krejci,PG,22,7.7,-3.6,-0.1,0.1,0.036253776,0.056074766,0.072,0.058657858,0.5,0.32,-0.913808856,-0.633772034
135,David Duke Jr.,SG,23,8.3,-7.3,-0.3,-0.1,0.111782477,0.08411215,0.104,0.082023644,0.549,1.03,-0.975880208,-0.646451718
345,Wendell Moore Jr.,SG,21,9.3,-2.4,0,0.1,0.042296073,0.056074766,0.048,0.054346314,0.512,-0.22,-0.82264557,-0.648696013
247,Keon Johnson,SG,20,9,-5.4,-0.4,-0.5,0.141993958,0.140186916,0.088,0.147566064,0.402,-3.96,-0.983905134,-0.648873805
12,Thanasis Antetokounmpo,PF,30,6.7,-7.6,-0.3,0.1,0.042296073,0.037383178,0.096,0.072878999,0.707,3.61,-1.00592369,-0.648946901
245,James Johnson,PF,35,8.4,-4.4,-0.1,0.1,0.084592145,0.074766355,0.136,0.05876217,0.427,-2.91,-1.025357122,-0.678275831
254,Kai Jones,C,22,10.8,-4,-0.3,0.7,0.102719033,0.028037383,0.216,0.194714882,0.329,-5.89,-0.884431072,-0.678522758
150,Trent Forrest,SG,24,6.1,-5.1,-0.2,-0.1,0.069486405,0.158878505,0.128,0.099791377,0.5,0.32,-0.933129961,-0.678718082
111,Johnny Davis,SG,20,7.2,-7.4,-0.6,-0.3,0.175226586,0.093457944,0.184,0.151634214,0.427,-1.06,-1.016699529,-0.69403682
149,Bryn Forbes,SG,29,6.2,-6.3,-0.3,0,0.108761329,0.065420561,0.048,0.096210014,0.512,-0.22,-1.086655115,-0.721717459
260,Johnny Juzang,SG,21,6.5,-6.5,-0.3,-0.2,0.145015106,0.037383178,0.176,0.08445758,0.451,-1.03,-1.027343799,-0.725553759
466,Terry Taylor,PF,23,8.8,-5.3,-0.2,0.1,0.081570997,0.037383178,0.12,0.081641168,0.427,-2.91,-1.014757606,-0.727175522
494,Jabari Walker,SF,20,9.6,-6.1,-0.6,0.2,0.117824773,0.056074766,0.184,0.218393602,0.402,-3.96,-0.963491445,-0.730905262
365,Frank Ntilikina,SG,24,5.2,-6.7,-0.7,-0.1,0.087613293,0.112149533,0.104,0.21484701,0.463,-0.14,-1.08127745,-0.738704929
310,Cody Martin,SF,27,8.7,-4.6,-0.1,0.1,0.151057402,0.14953271,0.272,0.052538248,0.329,-5.89,-0.935393538,-0.745847623
121,Gorgui Dieng,C,33,9.9,-3.9,-0.2,0,0.117824773,0.158878505,0.28,0.127781641,0.268,-9.82,-1.001169308,-0.767519284
26,Dominick Barlow,PF,19,12.4,-4.6,-0.3,0.7,0.117824773,0.08411215,0.288,0.146244784,0.268,-9.82,-0.892055546,-0.779675181
419,Isaiah Roby,PF,24,9.3,-4.6,-0.3,-0.1,0.123867069,0.08411215,0.2,0.168045897,0.268,-9.82,-1.068883878,-0.793190808
472,JT Thor,PF,20,7,-4.7,-0.7,0.2,0.114803625,0.046728972,0.176,0.341098748,0.329,-5.89,-1.008450786,-0.81024164
52,James Bouknight,SG,22,6.2,-6.5,-0.6,-0.4,0.16918429,0.112149533,0.168,0.183623088,0.329,-5.89,-1.135519307,-0.813345852
326,Bryce McGowens,SG,20,7.2,-6,-0.8,0.1,0.160120846,0.112149533,0.16,0.278894298,0.329,-5.89,-1.04781521,-0.817204419
501,TyTy Washington Jr.,PG,21,7.5,-6.3,-0.5,-0.1,0.141993958,0.140186916,0.12,0.15472879,0.268,-7.62,-1.159681407,-0.830171335
363,Nerlens Noel,C,28,10,-2,0,0.1,0.069486405,0.046728972,0.208,0.055945758,0.207,-7.73,-1.007554826,-0.832748821
76,John Butler,C,20,5.7,-6.2,-0.2,0,0.072507553,0.056074766,0.072,0.080180807,0.402,-3.96,-1.164749813,-0.891659806
361,Daishen Nix,PG,20,5.3,-6.5,-1,-1.2,0.120845921,0.214953271,0.136,0.322670376,0.268,-7.62,-1.222475699,-0.906065296
506,Blake Wesley,SG,19,3.5,-9.6,-1.3,-1.6,0.151057402,0.252336449,0.176,0.238212796,0.268,-9.82,-1.451493761,-0.9095103
411,Jared Rhoden,SG,23,6.5,-6.1,-0.2,0.1,0.096676737,0.028037383,0.208,0.073052851,0.207,-7.73,-1.244018665,-0.971887145
15,Ryan Arcidiacono,PG,28,2.6,-9.4,-0.3,-0.1,0.078549849,0.214953271,0.096,0.055702364,0.402,-3.96,-1.348991235,-0.99644662
